Acceleration x (m/s^2),Acceleration y (m/s^2),Acceleration z (m/s^2),Absolute acceleration (m/s^2),gFx,gFy,gFz,gFTotal,Gyroscope x (rad/s),Gyroscope y (rad/s),Gyroscope z (rad/s),Absolute (rad/s),Activity
-4.36E-01,2.78E+00,1.01E+01,1.05E+01,-0.162,-0.396,-0.734,0.849,-3.98E-01,3.35E-01,-4.36E-01,6.78E-01,running
2.99E-04,2.35E+00,1.12E+01,1.15E+01,-0.146,-0.39,-0.771,0.876,-1.18E-01,9.44E-01,2.68E-01,9.89E-01,running
3.53E-01,1.88E+00,1.20E+01,1.21E+01,-0.12,-0.377,-0.809,0.901,1.79E-01,1.49E+00,1.00E+00,1.81E+00,running
9.49E-01,1.38E+00,1.19E+01,1.20E+01,-0.095,-0.359,-0.833,0.912,5.36E-01,2.13E+00,1.76E+00,2.82E+00,running
1.44E+00,8.77E-01,1.13E+01,1.14E+01,-0.08,-0.346,-0.838,0.911,9.94E-01,2.91E+00,2.68E+00,4.08E+00,running
1.65E+00,7.91E-01,1.05E+01,1.07E+01,-0.064,-0.345,-0.832,0.903,1.44E+00,3.74E+00,3.65E+00,5.42E+00,running
1.59E+00,8.48E-01,9.31E+00,9.49E+00,-0.063,-0.349,-0.823,0.896,1.56E+00,4.35E+00,4.43E+00,6.40E+00,running
1.86E+00,1.66E-01,8.21E+00,8.42E+00,-0.083,-0.354,-0.815,0.893,1.55E+00,4.71E+00,4.93E+00,6.99E+00,running
2.06E+00,-4.73E-01,8.27E+00,8.54E+00,-0.128,-0.365,-0.813,0.9,1.36E+00,4.54E+00,5.03E+00,6.91E+00,running
2.48E+00,-7.63E-01,9.23E+00,9.59E+00,-0.175,-0.371,-0.84,0.935,1.17E+00,3.90E+00,4.86E+00,6.34E+00,running
2.56E-01,2.15E+00,9.37E+00,9.62E+00,-0.012,-0.196,-0.995,1.015,-1.04E-01,-8.79E-02,2.12E-02,1.38E-01,standing
2.35E-01,2.17E+00,9.33E+00,9.58E+00,-0.012,-0.194,-0.994,1.013,-8.15E-02,-8.18E-02,2.09E-02,1.17E-01,standing
2.66E-01,2.18E+00,9.37E+00,9.62E+00,-0.008,-0.19,-0.989,1.007,-6.33E-02,-7.61E-02,2.18E-02,1.01E-01,standing
2.79E-01,2.18E+00,9.41E+00,9.66E+00,-0.002,-0.184,-0.982,0.999,-4.92E-02,-7.43E-02,1.93E-02,9.12E-02,standing
2.89E-01,2.16E+00,9.44E+00,9.69E+00,-0.004,-0.18,-0.972,0.988,-3.78E-02,-7.57E-02,9.19E-03,8.51E-02,standing
2.73E-01,2.15E+00,9.48E+00,9.72E+00,-0.005,-0.181,-0.965,0.981,-2.46E-02,-6.90E-02,6.46E-03,7.35E-02,standing
2.82E-01,2.14E+00,9.50E+00,9.75E+00,-0.004,-0.186,-0.964,0.982,-1.42E-02,-6.23E-02,2.48E-03,6.39E-02,standing
3.02E-01,2.14E+00,9.50E+00,9.74E+00,-0.004,-0.185,-0.967,0.984,-1.62E-02,-5.24E-02,-2.54E-03,5.49E-02,standing
3.41E-01,2.15E+00,9.50E+00,9.75E+00,-0.007,-0.186,-0.972,0.99,-2.68E-02,-3.30E-02,-1.03E-02,4.38E-02,standing
3.69E-01,2.15E+00,9.51E+00,9.76E+00,-0.007,-0.189,-0.976,0.994,-3.54E-02,-1.36E-02,-1.46E-02,4.06E-02,standing
3.75E-01,2.16E+00,9.57E+00,9.82E+00,-0.006,-0.185,-0.982,0.999,-4.52E-02,-8.92E-03,-1.10E-02,4.73E-02,standing
4.16E-01,2.19E+00,9.70E+00,9.95E+00,-0.001,-0.181,-0.985,1.001,-5.77E-02,-7.54E-03,-1.03E-02,5.91E-02,standing
4.60E-01,2.17E+00,9.79E+00,1.00E+01,0.002,-0.179,-0.989,1.005,-6.63E-02,-1.81E-02,-6.86E-03,6.91E-02,standing
4.81E-01,2.18E+00,9.84E+00,1.01E+01,0.005,-0.175,-0.99,1.006,-6.54E-02,-2.74E-02,-4.28E-03,7.11E-02,standing
4.57E-01,2.20E+00,9.84E+00,1.01E+01,0.005,-0.171,-0.987,1.002,-5.77E-02,-4.14E-02,-9.57E-03,7.16E-02,standing
4.57E-01,2.18E+00,9.79E+00,1.00E+01,0.004,-0.171,-0.982,0.997,-4.92E-02,-4.87E-02,-5.52E-03,6.94E-02,standing
-9.23E-01,2.90E+00,8.36E+00,8.89E+00,-0.06,-0.049,-1.059,1.062,-1.59E-01,-1.05E-01,1.57E-01,2.47E-01,walking
-7.27E-01,2.84E+00,8.50E+00,8.99E+00,-0.07,-0.056,-1.059,1.063,-2.60E-01,8.31E-02,2.00E-01,3.39E-01,walking
-6.00E-01,2.81E+00,8.45E+00,8.92E+00,-0.078,-0.067,-1.065,1.07,-3.81E-01,2.14E-01,2.39E-01,4.98E-01,walking
-5.54E-01,2.84E+00,8.26E+00,8.75E+00,-0.08,-0.079,-1.07,1.076,-5.12E-01,2.65E-01,2.71E-01,6.37E-01,walking
-5.78E-01,2.89E+00,8.01E+00,8.54E+00,-0.091,-0.085,-1.072,1.079,-6.16E-01,2.53E-01,2.95E-01,7.29E-01,walking
-6.15E-01,3.03E+00,7.76E+00,8.35E+00,-0.11,-0.09,-1.07,1.079,-6.81E-01,2.00E-01,3.12E-01,7.76E-01,walking
-6.80E-01,3.18E+00,7.56E+00,8.23E+00,-0.126,-0.093,-1.06,1.072,-6.88E-01,1.28E-01,3.13E-01,7.67E-01,walking
-7.18E-01,3.26E+00,7.42E+00,8.14E+00,-0.136,-0.098,-1.046,1.059,-6.39E-01,7.50E-02,3.00E-01,7.09E-01,walking
-7.01E-01,3.27E+00,7.45E+00,8.17E+00,-0.14,-0.102,-1.025,1.04,-5.41E-01,5.15E-02,2.70E-01,6.07E-01,walking
-6.20E-01,3.21E+00,7.73E+00,8.39E+00,-0.141,-0.107,-0.999,1.015,-4.06E-01,3.37E-02,2.32E-01,4.69E-01,walking
-5.25E-01,3.19E+00,8.20E+00,8.81E+00,-0.141,-0.112,-0.969,0.985,-2.52E-01,1.09E-02,1.93E-01,3.18E-01,walking
3.92E-01,1.49E+00,1.91E+01,1.92E+01,-0.011,0.628,-0.826,1.037,-8.98E-01,-1.37E-01,1.47E+00,1.73E+00,running
1.84E+00,3.37E+00,2.02E+01,2.05E+01,-0.035,0.63,-0.884,1.086,-6.51E-01,-1.05E-01,1.45E+00,1.59E+00,running
2.92E+00,6.09E+00,2.08E+01,2.18E+01,-0.092,0.579,-0.932,1.101,-2.89E-01,5.85E-02,1.52E+00,1.55E+00,running
5.81E+00,8.05E+00,2.30E+01,2.51E+01,-0.177,0.481,-0.962,1.09,3.67E-02,3.75E-01,1.66E+00,1.71E+00,running
9.49E+00,8.95E+00,2.66E+01,2.96E+01,-0.248,0.323,-0.956,1.039,1.29E-01,8.99E-01,1.93E+00,2.13E+00,running
1.34E+01,8.01E+00,3.18E+01,3.54E+01,-0.283,0.132,-0.909,0.961,-1.22E-02,1.53E+00,2.27E+00,2.74E+00,running
1.71E+01,5.37E+00,3.76E+01,4.16E+01,-0.34,-0.034,-0.822,0.891,-2.28E-01,2.26E+00,2.64E+00,3.48E+00,running
1.99E+01,2.08E+00,4.31E+01,4.75E+01,-0.45,-0.118,-0.769,0.899,-3.16E-01,3.00E+00,3.02E+00,4.27E+00,running
1.11E+01,1.36E-01,-5.45E-01,1.11E+01,-0.569,-0.147,-0.799,0.992,-1.98E-01,3.61E+00,3.34E+00,4.92E+00,running
1.25E+01,9.16E-01,9.61E-01,1.26E+01,-0.591,-0.182,-0.833,1.037,-2.39E-02,3.88E+00,3.59E+00,5.29E+00,running
1.37E+01,1.43E+00,3.76E+00,1.43E+01,-0.528,-0.234,-0.806,0.992,1.57E-01,3.69E+00,3.70E+00,5.23E+00,running
1.45E+01,1.89E+00,7.99E+00,1.67E+01,-0.416,-0.322,-0.761,0.925,2.90E-01,3.13E+00,3.91E+00,5.02E+00,running
1.44E+01,2.90E+00,1.19E+01,1.89E+01,-0.319,-0.42,-0.709,0.884,2.47E-01,2.46E+00,4.27E+00,4.93E+00,running
1.31E+01,3.81E+00,1.53E+01,2.05E+01,-0.28,-0.561,-0.695,0.936,8.23E-03,1.67E+00,4.68E+00,4.97E+00,running
1.13E+01,3.66E+00,1.82E+01,2.17E+01,-0.329,-0.766,-0.784,1.144,-2.28E-01,1.03E+00,5.06E+00,5.17E+00,running
9.10E+00,2.90E+00,2.07E+01,2.28E+01,-0.475,-0.844,-1.07,1.443,-1.28E-01,7.87E-01,5.32E+00,5.38E+00,running
5.83E+00,2.34E+00,2.28E+01,2.36E+01,-0.635,-0.622,-1.544,1.782,6.45E-01,9.44E-01,5.50E+00,5.62E+00,running
2.12E+00,2.25E+00,2.35E+01,2.37E+01,-0.707,-0.271,-2.024,2.161,1.93E+00,1.32E+00,5.63E+00,6.09E+00,running
-9.93E-01,3.68E+00,9.36E+00,1.01E+01,-0.051,-0.115,-1.133,1.14,8.60E-02,-2.67E-01,8.86E-02,2.94E-01,walking
-8.08E-01,3.57E+00,9.56E+00,1.02E+01,-0.025,-0.089,-1.12,1.124,5.47E-02,-1.15E-01,1.12E-01,1.70E-01,walking
-6.16E-01,3.61E+00,9.75E+00,1.04E+01,0.009,-0.062,-1.086,1.088,9.54E-03,-8.48E-02,9.34E-02,1.27E-01,walking
-4.64E-01,3.65E+00,9.90E+00,1.06E+01,0.043,-0.04,-1.046,1.048,-4.76E-02,-1.93E-01,3.77E-02,2.02E-01,walking
-4.16E-01,3.70E+00,1.01E+01,1.07E+01,0.084,-0.03,-1.007,1.011,-1.27E-01,-3.60E-01,-5.40E-02,3.86E-01,walking
-4.40E-01,3.71E+00,1.02E+01,1.09E+01,0.13,-0.035,-0.978,0.987,-2.12E-01,-5.31E-01,-1.65E-01,5.95E-01,walking
-4.63E-01,3.67E+00,1.04E+01,1.10E+01,0.167,-0.059,-0.954,0.97,-2.83E-01,-6.49E-01,-2.82E-01,7.62E-01,walking
-4.16E-01,3.53E+00,1.05E+01,1.11E+01,0.181,-0.086,-0.935,0.956,-3.29E-01,-6.48E-01,-3.80E-01,8.20E-01,walking
-2.90E-01,3.37E+00,1.08E+01,1.14E+01,0.161,-0.112,-0.924,0.945,-3.60E-01,-4.86E-01,-4.53E-01,7.55E-01,walking
-1.31E-01,3.21E+00,1.12E+01,1.16E+01,0.118,-0.132,-0.931,0.947,-3.79E-01,-1.57E-01,-4.65E-01,6.20E-01,walking
-7.44E-02,3.17E+00,1.14E+01,1.18E+01,0.062,-0.137,-0.953,0.965,-3.95E-01,2.46E-01,-4.26E-01,6.31E-01,walking
1.64E-01,3.23E+00,1.15E+01,1.19E+01,0.006,-0.129,-0.981,0.989,-4.10E-01,6.59E-01,-3.56E-01,8.53E-01,walking
6.46E-01,3.25E+00,1.13E+01,1.18E+01,-0.03,-0.106,-1.005,1.011,-4.36E-01,1.04E+00,-2.50E-01,1.16E+00,walking
1.18E+00,3.21E+00,1.10E+01,1.15E+01,-0.038,-0.066,-1.017,1.02,-4.64E-01,1.34E+00,-1.19E-01,1.43E+00,walking
1.71E+00,3.17E+00,1.07E+01,1.13E+01,-0.022,-0.03,-1.019,1.019,-5.03E-01,1.49E+00,-7.91E-03,1.57E+00,walking
2.16E+00,3.12E+00,1.05E+01,1.12E+01,0.017,0.003,-1.003,1.003,-5.45E-01,1.42E+00,7.18E-02,1.53E+00,walking
2.50E+00,2.99E+00,1.05E+01,1.12E+01,0.065,0.021,-0.966,0.968,-5.58E-01,1.19E+00,1.13E-01,1.32E+00,walking
2.59E+00,2.78E+00,1.07E+01,1.13E+01,0.11,0.033,-0.921,0.928,-5.07E-01,7.99E-01,1.39E-01,9.56E-01,walking
2.34E+00,2.57E+00,1.08E+01,1.14E+01,0.139,0.034,-0.877,0.888,-3.92E-01,2.12E-01,1.37E-01,4.66E-01,walking
1.88E+00,2.29E+00,1.09E+01,1.13E+01,0.15,0.031,-0.839,0.853,-2.06E-01,-3.37E-01,1.14E-01,4.11E-01,walking
1.45E+00,1.85E+00,1.08E+01,1.11E+01,0.157,0.022,-0.82,0.835,4.99E-02,-5.88E-01,7.04E-02,5.95E-01,walking
3.60E-01,2.17E+00,9.54E+00,9.79E+00,-0.015,-0.19,-0.978,0.997,7.52E-04,-4.83E-04,-4.58E-03,4.66E-03,standing
3.27E-01,2.13E+00,9.60E+00,9.84E+00,-0.012,-0.188,-0.98,0.998,-4.50E-03,-1.73E-03,-4.44E-03,6.55E-03,standing
3.55E-01,2.10E+00,9.64E+00,9.87E+00,-0.011,-0.186,-0.978,0.995,-3.62E-03,-9.58E-03,-5.35E-04,1.03E-02,standing
3.90E-01,2.10E+00,9.64E+00,9.87E+00,-0.01,-0.183,-0.973,0.99,1.28E-03,-1.14E-02,-1.71E-03,1.16E-02,standing
3.66E-01,2.07E+00,9.61E+00,9.84E+00,-0.009,-0.183,-0.968,0.986,7.41E-03,-8.92E-03,-9.02E-04,1.16E-02,standing
3.41E-01,2.09E+00,9.54E+00,9.78E+00,-0.006,-0.182,-0.967,0.984,6.67E-03,-3.37E-03,1.61E-03,7.65E-03,standing
3.23E-01,2.12E+00,9.47E+00,9.71E+00,-0.003,-0.182,-0.967,0.984,1.15E-02,-1.03E-03,5.20E-03,1.26E-02,standing
3.12E-01,2.13E+00,9.39E+00,9.63E+00,-0.002,-0.184,-0.968,0.985,1.23E-02,1.97E-03,1.53E-03,1.25E-02,standing
2.97E-01,2.13E+00,9.32E+00,9.56E+00,0.003,-0.185,-0.964,0.982,1.45E-02,3.09E-03,2.47E-03,1.51E-02,standing
3.19E-01,2.13E+00,9.31E+00,9.56E+00,0.009,-0.183,-0.962,0.979,1.58E-02,2.13E-03,1.91E-03,1.61E-02,standing
3.68E-01,2.12E+00,9.35E+00,9.60E+00,0.012,-0.18,-0.963,0.979,1.31E-02,-1.38E-03,3.67E-03,1.37E-02,standing
4.42E-01,2.14E+00,9.40E+00,9.65E+00,0.006,-0.177,-0.967,0.983,1.16E-02,-5.33E-03,4.61E-03,1.36E-02,standing
4.28E-01,2.14E+00,9.44E+00,9.69E+00,-0.005,-0.18,-0.976,0.992,9.30E-03,-3.01E-03,4.94E-03,1.10E-02,standing
3.85E-01,2.11E+00,9.48E+00,9.72E+00,-0.009,-0.187,-0.986,1.003,1.03E-02,2.93E-03,7.75E-04,1.08E-02,standing
3.13E-01,2.08E+00,9.49E+00,9.73E+00,-0.011,-0.194,-0.99,1.009,1.48E-02,4.37E-03,4.02E-03,1.60E-02,standing
2.70E-01,2.05E+00,9.46E+00,9.68E+00,-0.021,-0.2,-0.993,1.013,2.34E-02,-1.81E-03,1.68E-03,2.35E-02,standing
2.46E-01,2.03E+00,9.41E+00,9.63E+00,-0.029,-0.207,-0.997,1.019,3.25E-02,-2.79E-03,3.13E-03,3.28E-02,standing
2.79E-01,2.03E+00,9.40E+00,9.62E+00,-0.029,-0.213,-0.998,1.021,3.75E-02,6.94E-03,2.19E-03,3.82E-02,standing
3.29E-01,2.06E+00,9.49E+00,9.71E+00,-0.027,-0.211,-0.993,1.015,3.71E-02,6.76E-03,4.70E-03,3.80E-02,standing
3.77E-01,2.10E+00,9.62E+00,9.85E+00,-0.023,-0.207,-0.982,1.004,3.10E-02,-7.52E-03,4.33E-03,3.22E-02,standing
4.97E-01,2.14E+00,9.75E+00,9.99E+00,-0.023,-0.201,-0.966,0.987,2.51E-02,2.15E-03,1.21E-02,2.79E-02,standing
1.62E+01,6.89E+00,1.08E-01,1.76E+01,0.775,-0.496,-0.741,1.182,-8.55E-01,1.66E+00,-4.72E-01,1.93E+00,running
1.74E+01,7.46E+00,5.34E+00,1.97E+01,0.666,-0.598,-0.478,1.015,-2.48E-01,7.87E-01,-2.81E-01,8.72E-01,running
2.10E+01,8.18E+00,1.50E+01,2.71E+01,0.544,-0.651,-0.321,0.907,3.95E-01,-4.48E-02,-7.89E-02,4.05E-01,running
2.53E+01,7.94E+00,2.81E+01,3.86E+01,0.53,-0.65,-0.18,0.858,1.02E+00,-4.88E-01,8.05E-02,1.13E+00,running
2.64E+01,5.91E+00,4.14E+01,4.95E+01,0.426,-0.596,-0.14,0.746,1.50E+00,-5.57E-01,1.79E-01,1.61E+00,running
2.34E+01,3.73E+00,5.01E+01,5.54E+01,0.301,-0.438,-0.148,0.552,1.65E+00,-1.65E-01,4.23E-01,1.71E+00,running
1.87E+01,2.13E+00,4.98E+01,5.32E+01,0.235,-0.277,-0.194,0.412,1.56E+00,5.18E-01,8.25E-01,1.84E+00,running
1.40E+01,1.42E+00,4.22E+01,4.45E+01,0.31,-0.148,-0.378,0.511,1.54E+00,1.24E+00,1.19E+00,2.30E+00,running
1.05E+01,1.56E+00,3.44E+01,3.60E+01,0.499,-0.016,-0.879,1.01,1.61E+00,1.77E+00,1.34E+00,2.74E+00,running
7.10E+00,1.96E+00,2.91E+01,3.00E+01,0.472,0.048,-1.195,1.285,1.81E+00,1.97E+00,1.17E+00,2.92E+00,running
2.70E+00,2.45E+00,2.40E+01,2.43E+01,0.511,0.034,-1.47,1.556,2.21E+00,1.77E+00,8.59E-01,2.96E+00,running
3.41E+00,1.76E+01,1.46E+01,2.31E+01,0.614,-0.13,-1.478,1.605,2.65E+00,1.26E+00,6.85E-01,3.02E+00,running
2.46E+01,1.78E+01,3.58E+01,4.70E+01,0.619,-0.338,-1.322,1.498,2.96E+00,7.11E-01,6.44E-01,3.12E+00,running
5.04E+01,1.12E+01,6.42E+01,8.24E+01,0.504,-0.52,-1.104,1.32,2.75E+00,7.22E-02,6.31E-01,2.82E+00,running
6.26E+01,5.23E+00,7.68E+01,9.92E+01,0.355,-0.71,-0.915,1.211,1.97E+00,-8.01E-01,5.51E-01,2.20E+00,running
5.91E+01,1.45E+00,7.48E+01,9.54E+01,0.195,-0.903,-0.932,1.312,3.59E+00,-3.28E-01,8.48E-01,3.71E+00,running
-1.09E-01,2.55E+00,9.23E+00,9.57E+00,0.108,-0.152,-1.014,1.031,-1.27E-02,1.78E-01,-4.14E-01,4.51E-01,walking
-6.56E-02,2.58E+00,9.28E+00,9.63E+00,0.13,-0.144,-1.019,1.038,1.06E-02,2.11E-01,-3.54E-01,4.12E-01,walking
-7.38E-02,2.65E+00,9.41E+00,9.77E+00,0.147,-0.136,-1.018,1.037,2.31E-02,2.41E-01,-2.93E-01,3.81E-01,walking
-1.74E-01,2.73E+00,9.55E+00,9.94E+00,0.16,-0.13,-1.008,1.028,2.34E-02,2.61E-01,-2.34E-01,3.52E-01,walking
-3.56E-01,2.79E+00,9.67E+00,1.01E+01,0.165,-0.13,-0.988,1.01,2.06E-02,2.63E-01,-1.88E-01,3.24E-01,walking
-5.48E-01,2.83E+00,9.83E+00,1.02E+01,0.16,-0.132,-0.968,0.99,9.69E-03,2.37E-01,-1.48E-01,2.80E-01,walking
-6.93E-01,2.82E+00,9.99E+00,1.04E+01,0.152,-0.142,-0.949,0.972,-6.17E-03,2.10E-01,-1.06E-01,2.35E-01,walking
-8.19E-01,2.78E+00,1.02E+01,1.06E+01,0.148,-0.157,-0.933,0.957,-2.52E-02,2.03E-01,-6.13E-02,2.14E-01,walking
-9.55E-01,2.78E+00,1.06E+01,1.10E+01,0.144,-0.174,-0.922,0.95,-4.95E-02,2.30E-01,-2.19E-02,2.36E-01,walking
-9.92E-01,2.78E+00,1.09E+01,1.13E+01,0.133,-0.194,-0.929,0.959,-8.72E-02,2.70E-01,6.03E-03,2.84E-01,walking
-9.47E-01,2.79E+00,1.13E+01,1.16E+01,0.115,-0.211,-0.942,0.972,-1.46E-01,3.17E-01,2.49E-02,3.50E-01,walking
-8.33E-01,2.82E+00,1.15E+01,1.19E+01,0.092,-0.221,-0.959,0.988,-2.13E-01,3.50E-01,4.63E-02,4.12E-01,walking
-6.66E-01,2.86E+00,1.16E+01,1.20E+01,0.071,-0.228,-0.979,1.008,-2.72E-01,3.56E-01,6.63E-02,4.53E-01,walking
-4.58E-01,2.87E+00,1.15E+01,1.18E+01,0.054,-0.238,-0.995,1.024,-3.05E-01,3.33E-01,8.12E-02,4.59E-01,walking
-2.44E-01,2.80E+00,1.12E+01,1.16E+01,0.038,-0.246,-1.004,1.035,-3.11E-01,2.74E-01,7.31E-02,4.21E-01,walking
-1.04E-01,2.71E+00,1.10E+01,1.13E+01,0.025,-0.255,-1.011,1.043,-2.76E-01,1.69E-01,4.07E-02,3.26E-01,walking
-2.66E-02,2.69E+00,1.08E+01,1.11E+01,0.01,-0.261,-1.02,1.053,-2.04E-01,3.90E-02,-2.41E-03,2.08E-01,walking
-1.37E-01,2.73E+00,1.07E+01,1.11E+01,-0.015,-0.26,-1.035,1.067,-1.05E-01,-8.57E-02,-5.18E-02,1.45E-01,walking
-2.81E-01,2.73E+00,1.07E+01,1.10E+01,-0.043,-0.254,-1.063,1.093,1.31E-02,-2.09E-01,-9.36E-02,2.30E-01,walking
-4.21E-01,2.60E+00,1.05E+01,1.08E+01,-0.067,-0.243,-1.096,1.124,1.33E-01,-2.91E-01,-1.15E-01,3.40E-01,walking
-6.98E-01,2.45E+00,1.03E+01,1.06E+01,-0.086,-0.227,-1.13,1.156,2.37E-01,-3.04E-01,-1.09E-01,4.01E-01,walking
3.30E-01,2.09E+00,9.57E+00,9.80E+00,-0.002,-0.201,-0.968,0.989,-1.06E-02,-8.84E-03,3.07E-03,1.41E-02,standing
3.77E-01,2.11E+00,9.50E+00,9.74E+00,0.001,-0.202,-0.971,0.992,-2.29E-02,-9.57E-03,9.29E-03,2.65E-02,standing
3.81E-01,2.12E+00,9.42E+00,9.66E+00,0.001,-0.201,-0.971,0.992,-2.03E-02,-8.96E-03,8.24E-03,2.37E-02,standing
3.88E-01,2.13E+00,9.33E+00,9.58E+00,-0.001,-0.2,-0.971,0.992,-1.47E-02,-1.08E-02,6.82E-03,1.95E-02,standing
3.91E-01,2.11E+00,9.32E+00,9.57E+00,-0.005,-0.197,-0.975,0.995,-1.65E-03,-9.28E-03,3.92E-03,1.02E-02,standing
3.95E-01,2.08E+00,9.38E+00,9.61E+00,-0.006,-0.195,-0.979,0.998,5.86E-03,-3.22E-03,-2.91E-03,7.29E-03,standing
4.06E-01,2.05E+00,9.47E+00,9.69E+00,-0.008,-0.196,-0.978,0.997,2.33E-02,4.91E-04,-4.72E-04,2.33E-02,standing
4.19E-01,2.02E+00,9.55E+00,9.77E+00,-0.008,-0.195,-0.977,0.996,2.74E-02,2.21E-03,-3.78E-03,2.78E-02,standing
3.63E-01,2.01E+00,9.59E+00,9.80E+00,-0.002,-0.197,-0.975,0.995,1.98E-02,5.50E-03,-3.35E-03,2.08E-02,standing
2.96E-01,1.99E+00,9.61E+00,9.82E+00,0.005,-0.199,-0.969,0.989,9.92E-03,9.42E-03,-3.73E-04,1.37E-02,standing
2.19E-01,1.95E+00,9.61E+00,9.81E+00,0.007,-0.195,-0.964,0.984,-2.33E-04,5.88E-03,4.28E-04,5.90E-03,standing
2.51E-01,1.90E+00,9.61E+00,9.80E+00,-0.003,-0.198,-0.965,0.985,3.10E-03,4.92E-03,-1.56E-03,6.02E-03,standing
2.47E-01,1.89E+00,9.61E+00,9.79E+00,-0.009,-0.202,-0.974,0.995,5.48E-03,2.15E-03,1.92E-03,6.19E-03,standing
2.68E-01,1.91E+00,9.63E+00,9.82E+00,-0.016,-0.204,-0.989,1.01,7.57E-03,-5.66E-04,8.89E-04,7.64E-03,standing
3.07E-01,1.95E+00,9.71E+00,9.90E+00,-0.015,-0.205,-1.001,1.022,1.42E-02,7.58E-03,1.69E-03,1.62E-02,standing
3.08E-01,1.99E+00,9.78E+00,9.99E+00,-0.015,-0.205,-1.005,1.025,1.86E-02,2.60E-03,-8.86E-04,1.88E-02,standing
3.00E-01,2.02E+00,9.84E+00,1.01E+01,-0.012,-0.199,-0.998,1.018,1.52E-02,2.72E-03,-5.06E-03,1.63E-02,standing
2.82E-01,1.99E+00,9.85E+00,1.01E+01,-0.006,-0.196,-0.988,1.008,8.55E-03,9.80E-03,2.95E-03,1.33E-02,standing
2.49E-01,1.98E+00,9.79E+00,9.99E+00,-0.004,-0.196,-0.979,0.999,6.51E-03,1.79E-03,5.20E-03,8.53E-03,standing
2.28E-01,1.96E+00,9.69E+00,9.89E+00,-0.002,-0.197,-0.971,0.99,-1.19E-03,-3.75E-03,6.28E-04,3.99E-03,standing
1.87E-01,1.97E+00,9.59E+00,9.80E+00,-0.002,-0.201,-0.965,0.986,-8.02E-04,-1.01E-02,6.73E-04,1.01E-02,standing
-6.27E-01,3.22E-01,6.26E+00,6.29E+00,0.079,0.084,-0.831,0.839,-4.16E-01,2.26E+00,2.47E-01,2.31E+00,running
1.05E+00,-1.74E-01,6.30E+00,6.39E+00,0.162,0.165,-0.896,0.925,8.69E-01,3.87E+00,7.27E-01,4.04E+00,running
1.81E+00,1.47E+00,6.04E+00,6.47E+00,0.159,0.204,-0.914,0.95,1.99E+00,3.90E+00,9.55E-01,4.49E+00,running
1.36E+00,3.65E+00,5.31E+00,6.59E+00,0.06,0.211,-0.895,0.922,2.87E+00,3.21E+00,8.69E-01,4.39E+00,running
-4.17E-01,4.51E+00,3.95E+00,6.01E+00,-0.1,0.171,-0.899,0.921,3.41E+00,2.17E+00,7.76E-01,4.11E+00,running
-8.57E-01,2.91E+00,2.43E+00,3.89E+00,-0.276,0.085,-1.001,1.042,3.60E+00,1.40E+00,7.45E-01,3.94E+00,running
-1.93E-01,9.73E-01,1.78E+00,2.04E+00,-0.409,0.014,-1.144,1.215,3.36E+00,1.32E+00,6.70E-01,3.67E+00,running
4.53E-01,2.28E-01,2.43E+00,2.48E+00,-0.483,-0.023,-1.227,1.319,2.46E+00,1.65E+00,5.81E-01,3.01E+00,running
6.04E-01,4.64E-01,3.37E+00,3.45E+00,-0.495,-0.033,-1.212,1.309,1.29E+00,1.95E+00,5.35E-01,2.40E+00,running
2.48E-01,1.39E+00,4.32E+00,4.55E+00,-0.435,-0.05,-1.098,1.182,4.39E-01,1.97E+00,5.40E-01,2.09E+00,running
-2.03E-01,2.29E+00,4.63E+00,5.17E+00,-0.333,-0.078,-0.941,1.001,3.77E-02,1.74E+00,5.58E-01,1.83E+00,running
6.35E-02,2.82E+00,4.39E+00,5.22E+00,-0.225,-0.104,-0.765,0.804,-2.31E-02,1.24E+00,5.05E-01,1.34E+00,running
3.55E-01,2.75E+00,4.94E+00,5.67E+00,-0.151,-0.131,-0.555,0.59,1.72E-01,6.14E-01,3.20E-01,7.13E-01,running
-3.32E-02,2.54E+00,6.15E+00,6.65E+00,-0.101,-0.173,-0.349,0.402,3.93E-01,1.95E-01,1.18E-01,4.54E-01,running
-9.28E-03,2.94E+00,7.05E+00,7.64E+00,-0.066,-0.228,-0.217,0.321,5.46E-01,2.40E-02,5.95E-02,5.50E-01,running
8.46E-01,3.91E+00,7.32E+00,8.34E+00,-0.059,-0.258,-0.204,0.334,6.91E-01,-1.11E-01,1.44E-01,7.15E-01,running
1.79E+00,5.35E+00,7.88E+00,9.69E+00,-0.059,-0.218,-0.312,0.385,8.77E-01,-2.67E-01,3.13E-01,9.69E-01,running
2.53E+00,6.49E+00,8.82E+00,1.12E+01,-0.053,-0.125,-0.537,0.553,9.60E-01,-3.78E-01,4.22E-01,1.12E+00,running
2.22E+00,6.86E+00,9.71E+00,1.21E+01,-0.057,-0.027,-0.827,0.829,8.23E-01,-4.79E-01,3.74E-01,1.02E+00,running
1.71E+00,6.48E+00,1.14E+01,1.32E+01,-0.038,0.018,-1.104,1.105,5.56E-01,-4.63E-01,1.69E-01,7.43E-01,running
1.77E+00,5.85E+00,1.42E+01,1.55E+01,0.018,-0.013,-1.279,1.279,2.37E-01,-3.74E-01,-8.43E-02,4.51E-01,running
-3.03E-01,1.66E+00,7.67E+00,7.85E+00,-0.064,-0.104,-1.028,1.035,-7.47E-01,-3.97E-01,-6.30E-01,1.05E+00,walking
-2.45E-01,1.82E+00,7.57E+00,7.79E+00,-0.067,-0.132,-1.007,1.017,-7.40E-01,-2.28E-01,-7.02E-01,1.05E+00,walking
-2.26E-01,2.02E+00,7.58E+00,7.85E+00,-0.067,-0.159,-0.972,0.987,-7.31E-01,1.42E-02,-7.17E-01,1.02E+00,walking
-1.63E-01,2.16E+00,7.67E+00,7.97E+00,-0.062,-0.18,-0.933,0.952,-6.91E-01,2.92E-01,-6.55E-01,9.96E-01,walking
-1.55E-01,2.26E+00,7.70E+00,8.03E+00,-0.056,-0.198,-0.896,0.919,-6.00E-01,5.88E-01,-4.91E-01,9.73E-01,walking
-1.83E-01,2.29E+00,7.63E+00,7.96E+00,-0.046,-0.215,-0.867,0.895,-4.72E-01,8.23E-01,-1.94E-01,9.68E-01,walking
-2.66E-01,2.29E+00,7.54E+00,7.89E+00,-0.031,-0.229,-0.848,0.879,-3.78E-01,7.94E-01,-2.56E-02,8.80E-01,walking
-3.60E-01,2.35E+00,7.50E+00,7.87E+00,-0.015,-0.245,-0.843,0.878,-3.12E-01,7.12E-01,5.11E-02,7.79E-01,walking
-4.70E-01,2.41E+00,7.60E+00,7.99E+00,0.001,-0.26,-0.847,0.886,-2.68E-01,6.07E-01,8.84E-02,6.69E-01,walking
-6.19E-01,2.52E+00,7.87E+00,8.29E+00,0.015,-0.273,-0.858,0.901,-2.19E-01,4.33E-01,1.01E-01,4.96E-01,walking
-7.70E-01,2.62E+00,8.22E+00,8.66E+00,0.028,-0.282,-0.871,0.916,-1.39E-01,1.64E-01,9.82E-02,2.37E-01,walking
-8.46E-01,2.57E+00,8.49E+00,8.91E+00,0.04,-0.288,-0.883,0.93,-3.94E-02,-1.25E-01,9.32E-02,1.61E-01,walking
-8.40E-01,2.47E+00,8.70E+00,9.08E+00,0.057,-0.298,-0.898,0.948,8.15E-02,-3.70E-01,7.05E-02,3.85E-01,walking
-7.78E-01,2.40E+00,8.89E+00,9.25E+00,0.069,-0.307,-0.914,0.967,2.29E-01,-5.16E-01,2.61E-02,5.66E-01,walking
-6.58E-01,2.44E+00,9.27E+00,9.61E+00,0.077,-0.316,-0.937,0.992,3.77E-01,-5.48E-01,-5.37E-02,6.67E-01,walking
-4.66E-01,2.52E+00,9.72E+00,1.01E+01,0.076,-0.326,-0.967,1.024,5.09E-01,-4.98E-01,-1.64E-01,7.31E-01,walking
-2.93E-01,2.53E+00,1.02E+01,1.05E+01,0.062,-0.338,-1.005,1.062,5.94E-01,-3.93E-01,-2.92E-01,7.70E-01,walking
-1.59E-01,2.59E+00,1.07E+01,1.10E+01,0.042,-0.347,-1.049,1.106,6.13E-01,-2.65E-01,-4.26E-01,7.93E-01,walking
-9.64E-02,2.64E+00,1.13E+01,1.16E+01,0.01,-0.356,-1.094,1.151,5.56E-01,-1.55E-01,-5.43E-01,7.92E-01,walking
-8.20E-02,2.70E+00,1.17E+01,1.20E+01,-0.034,-0.355,-1.137,1.192,4.42E-01,-8.29E-02,-6.20E-01,7.66E-01,walking
-1.40E-01,2.70E+00,1.20E+01,1.23E+01,-0.078,-0.349,-1.177,1.231,2.93E-01,-4.69E-02,-6.62E-01,7.25E-01,walking
3.03E-01,1.94E+00,9.66E+00,9.86E+00,-0.007,-0.192,-0.983,1.001,-3.16E-02,2.72E-02,-2.52E-02,4.87E-02,standing
2.80E-01,1.95E+00,9.62E+00,9.82E+00,-0.007,-0.19,-0.986,1.005,-1.04E-02,2.22E-02,-1.40E-02,2.83E-02,standing
2.65E-01,1.95E+00,9.58E+00,9.78E+00,-0.008,-0.189,-0.987,1.005,6.54E-03,8.00E-03,-4.44E-03,1.13E-02,standing
2.60E-01,1.97E+00,9.59E+00,9.79E+00,-0.005,-0.189,-0.99,1.008,1.70E-02,-1.07E-02,7.52E-03,2.14E-02,standing
2.63E-01,1.99E+00,9.64E+00,9.85E+00,-0.004,-0.192,-0.992,1.01,2.14E-02,-2.20E-02,1.65E-02,3.48E-02,standing
2.96E-01,2.01E+00,9.67E+00,9.88E+00,-0.006,-0.194,-0.991,1.01,1.67E-02,-3.00E-02,2.69E-02,4.36E-02,standing
3.31E-01,2.01E+00,9.69E+00,9.90E+00,-0.006,-0.194,-0.989,1.008,1.32E-02,-3.02E-02,2.45E-02,4.11E-02,standing
3.18E-01,1.99E+00,9.69E+00,9.89E+00,0.002,-0.197,-0.985,1.005,7.09E-03,-2.67E-02,1.64E-02,3.21E-02,standing
2.97E-01,1.94E+00,9.60E+00,9.80E+00,0.004,-0.197,-0.978,0.998,-3.14E-03,-1.68E-02,6.50E-03,1.83E-02,standing
2.56E-01,1.94E+00,9.50E+00,9.70E+00,0,-0.196,-0.975,0.995,-9.35E-03,-1.86E-03,2.85E-03,9.95E-03,standing
1.99E-01,1.96E+00,9.43E+00,9.64E+00,-0.001,-0.199,-0.977,0.997,-1.02E-02,3.33E-03,-8.48E-05,1.07E-02,standing
1.52E-01,1.96E+00,9.40E+00,9.60E+00,0.001,-0.2,-0.981,1.002,-3.54E-03,8.17E-03,-3.97E-03,9.75E-03,standing
1.49E-01,1.97E+00,9.39E+00,9.60E+00,0.002,-0.201,-0.984,1.004,1.14E-02,4.25E-04,-3.38E-03,1.19E-02,standing
1.91E-01,2.00E+00,9.43E+00,9.64E+00,0.001,-0.199,-0.98,1,1.68E-02,-5.64E-03,-6.28E-04,1.77E-02,standing
2.54E-01,2.05E+00,9.53E+00,9.75E+00,-0.004,-0.195,-0.979,0.998,1.87E-02,-1.40E-02,2.38E-04,2.34E-02,standing
3.03E-01,2.06E+00,9.58E+00,9.80E+00,-0.003,-0.197,-0.981,1,1.44E-02,-2.55E-02,4.93E-03,2.97E-02,standing
3.25E-01,2.05E+00,9.62E+00,9.84E+00,-0.001,-0.198,-0.982,1.002,6.51E-03,-3.09E-02,9.46E-03,3.29E-02,standing
3.13E-01,2.03E+00,9.63E+00,9.85E+00,0,-0.202,-0.982,1.003,-2.44E-03,-3.00E-02,8.59E-03,3.13E-02,standing
2.69E-01,1.98E+00,9.62E+00,9.83E+00,-0.005,-0.201,-0.978,0.999,-3.75E-03,-2.42E-02,3.46E-03,2.47E-02,standing
2.29E-01,1.94E+00,9.59E+00,9.79E+00,-0.009,-0.202,-0.978,0.999,8.96E-04,-1.80E-02,6.37E-03,1.91E-02,standing
2.02E-01,1.91E+00,9.54E+00,9.73E+00,-0.007,-0.204,-0.984,1.005,6.11E-03,-1.14E-02,-8.37E-04,1.29E-02,standing
2.17E-01,1.91E+00,9.47E+00,9.67E+00,-0.002,-0.206,-0.99,1.011,1.40E-02,-5.60E-03,-7.47E-03,1.68E-02,standing
-7.77E-01,7.84E+00,1.08E+01,1.34E+01,0.181,-0.217,-0.516,0.589,-2.18E-01,-7.55E-01,-7.99E-01,1.12E+00,running
-5.22E-01,7.05E+00,9.55E+00,1.19E+01,0.222,-0.084,-0.579,0.626,-5.15E-01,-4.30E-01,-7.95E-01,1.04E+00,running
-2.56E-01,6.04E+00,9.37E+00,1.11E+01,0.274,-0.03,-0.584,0.646,-7.17E-01,-3.16E-01,-8.50E-01,1.16E+00,running
5.98E-01,5.43E+00,9.56E+00,1.10E+01,0.337,-0.032,-0.47,0.579,-8.92E-01,-2.93E-01,-9.99E-01,1.37E+00,running
1.00E+00,4.45E+00,9.00E+00,1.01E+01,0.408,-0.094,-0.291,0.51,-6.07E-01,8.28E-01,-9.36E-01,1.39E+00,running
1.18E+00,3.48E+00,8.61E+00,9.37E+00,0.463,-0.224,-0.163,0.54,-3.24E-01,6.27E-01,-5.89E-01,9.19E-01,running
1.78E+00,2.74E+00,7.97E+00,8.62E+00,0.474,-0.307,-0.099,0.573,-1.95E-02,2.95E-01,-3.37E-01,4.48E-01,running
2.24E+00,2.08E+00,7.07E+00,7.70E+00,0.41,-0.317,-0.092,0.526,2.77E-01,-4.58E-02,-2.93E-01,4.06E-01,running
2.37E+00,1.45E+00,6.83E+00,7.37E+00,0.453,-0.351,-0.092,0.58,4.10E-01,-1.69E-01,-3.43E-01,5.61E-01,running
1.97E+00,9.25E-01,6.11E+00,6.49E+00,0.48,-0.404,-0.091,0.634,4.11E-01,-1.25E-01,-3.84E-01,5.76E-01,running
1.43E+00,4.64E-01,4.74E+00,4.97E+00,0.417,-0.404,-0.083,0.587,4.01E-01,2.28E-02,-3.31E-01,5.20E-01,running
9.95E-01,5.09E-01,2.94E+00,3.15E+00,0.331,-0.368,-0.169,0.523,4.52E-01,4.84E-02,-2.07E-01,4.99E-01,running
7.28E-01,8.85E-01,1.29E+00,1.73E+00,0.238,-0.307,-0.494,0.629,4.71E-01,1.52E-02,-7.99E-02,4.78E-01,running
4.53E-01,1.09E+00,9.37E-02,1.18E+00,0.204,-0.238,-0.839,0.895,5.48E-01,1.41E-01,-3.26E-03,5.65E-01,running
1.46E-01,1.20E+00,-1.84E-01,1.22E+00,0.319,-0.273,-1.203,1.274,6.09E-01,4.55E-01,6.08E-03,7.60E-01,running
9.76E-02,1.34E+00,9.72E-01,1.66E+00,0.474,-0.404,-1.429,1.559,6.60E-01,7.91E-01,-3.10E-02,1.03E+00,running
3.94E-01,1.22E+00,3.00E+00,3.26E+00,0.577,-0.564,-1.456,1.665,7.71E-01,1.03E+00,-4.67E-02,1.29E+00,running
5.06E-01,1.14E+00,4.79E+00,4.94E+00,0.631,-0.738,-1.358,1.669,9.82E-01,1.08E+00,4.08E-02,1.46E+00,running
6.50E-01,9.58E-01,6.51E+00,6.61E+00,0.614,-0.903,-1.26,1.668,1.26E+00,7.45E-01,2.18E-01,1.48E+00,running
1.22E+00,5.81E-01,8.66E+00,8.76E+00,0.555,-1.03,-1.249,1.711,1.44E+00,1.46E-01,3.19E-01,1.48E+00,running
1.53E+00,5.20E-01,1.04E+01,1.05E+01,0.514,-1.061,-1.389,1.822,1.36E+00,-3.10E-01,3.09E-01,1.43E+00,running
-8.29E-01,2.09E-01,8.76E+00,8.80E+00,0.043,-0.21,-0.904,0.929,1.77E-01,5.91E-01,1.62E-01,6.38E-01,walking
-4.34E-01,3.27E-01,8.96E+00,8.98E+00,-0.013,-0.165,-0.992,1.005,5.02E-02,2.83E-01,1.38E-01,3.19E-01,walking
-1.69E-02,5.71E-01,9.34E+00,9.36E+00,-0.025,-0.12,-1.099,1.106,-4.78E-02,1.95E-03,8.04E-02,9.35E-02,walking
3.25E-01,8.77E-01,9.65E+00,9.70E+00,-0.005,-0.073,-1.194,1.196,-7.03E-02,-1.78E-01,3.74E-03,1.91E-01,walking
6.02E-01,1.14E+00,9.74E+00,9.83E+00,0.029,-0.029,-1.251,1.252,-3.13E-02,-2.16E-01,-7.20E-02,2.30E-01,walking
7.79E-01,1.39E+00,9.60E+00,9.73E+00,0.076,0.01,-1.266,1.268,3.85E-02,-1.47E-01,-1.27E-01,1.98E-01,walking
7.22E-01,1.64E+00,9.23E+00,9.40E+00,0.118,0.039,-1.243,1.249,1.11E-01,-2.05E-02,-1.54E-01,1.91E-01,walking
4.62E-01,1.80E+00,8.66E+00,8.86E+00,0.147,0.057,-1.194,1.205,1.49E-01,1.21E-01,-1.46E-01,2.41E-01,walking
1.46E-01,1.84E+00,7.95E+00,8.16E+00,0.159,0.061,-1.144,1.157,1.39E-01,2.60E-01,-1.22E-01,3.18E-01,walking
-1.20E-01,1.80E+00,7.38E+00,7.59E+00,0.151,0.049,-1.102,1.113,7.20E-02,3.67E-01,-9.79E-02,3.87E-01,walking
-3.51E-01,1.80E+00,7.07E+00,7.30E+00,0.12,0.026,-1.074,1.081,-3.24E-02,4.28E-01,-8.40E-02,4.37E-01,walking
-4.57E-01,1.81E+00,7.00E+00,7.24E+00,0.067,0.007,-1.062,1.064,-1.50E-01,4.65E-01,-7.42E-02,4.94E-01,walking
-4.25E-01,1.86E+00,7.22E+00,7.47E+00,0.002,-0.008,-1.06,1.06,-2.61E-01,4.70E-01,-7.06E-02,5.42E-01,walking
-2.85E-01,1.92E+00,7.63E+00,7.88E+00,-0.051,-0.033,-1.065,1.067,-3.44E-01,4.51E-01,-7.58E-02,5.73E-01,walking
-1.05E-01,1.97E+00,8.06E+00,8.30E+00,-0.088,-0.065,-1.07,1.075,-3.88E-01,4.11E-01,-9.37E-02,5.73E-01,walking
6.75E-02,1.99E+00,8.39E+00,8.62E+00,-0.117,-0.09,-1.065,1.075,-3.84E-01,3.47E-01,-1.16E-01,5.30E-01,walking
1.46E-01,1.98E+00,8.56E+00,8.79E+00,-0.138,-0.111,-1.043,1.058,-3.38E-01,2.68E-01,-1.37E-01,4.53E-01,walking
1.05E-01,1.92E+00,8.61E+00,8.82E+00,-0.142,-0.125,-1.005,1.022,-2.57E-01,1.84E-01,-1.63E-01,3.55E-01,walking
5.39E-03,1.90E+00,8.57E+00,8.78E+00,-0.135,-0.134,-0.955,0.973,-1.60E-01,1.01E-01,-1.86E-01,2.65E-01,walking
-5.00E-02,1.97E+00,8.51E+00,8.74E+00,-0.117,-0.138,-0.9,0.919,-6.65E-02,3.53E-02,-1.97E-01,2.11E-01,walking
-8.49E-02,2.15E+00,8.41E+00,8.68E+00,-0.098,-0.137,-0.849,0.865,1.05E-02,2.08E-02,-1.98E-01,1.99E-01,walking
2.78E-01,2.00E+00,9.56E+00,9.77E+00,-0.003,-0.19,-0.979,0.998,1.11E-02,-4.25E-03,-7.61E-03,1.41E-02,standing
2.66E-01,1.98E+00,9.55E+00,9.76E+00,-0.012,-0.189,-0.983,1.001,8.98E-03,-5.38E-03,-1.10E-03,1.05E-02,standing
2.51E-01,1.96E+00,9.55E+00,9.75E+00,-0.01,-0.19,-0.988,1.006,7.59E-03,-8.16E-03,-4.97E-03,1.22E-02,standing
2.47E-01,1.94E+00,9.55E+00,9.75E+00,-0.004,-0.193,-0.987,1.006,4.28E-03,-8.79E-03,-5.72E-03,1.13E-02,standing
2.04E-01,1.93E+00,9.51E+00,9.71E+00,0.003,-0.194,-0.976,0.995,4.13E-04,-6.95E-03,-3.61E-03,7.85E-03,standing
1.81E-01,1.94E+00,9.50E+00,9.69E+00,0.005,-0.199,-0.965,0.985,1.40E-03,-2.37E-03,-3.01E-03,4.08E-03,standing
1.62E-01,1.96E+00,9.50E+00,9.70E+00,0.004,-0.204,-0.957,0.978,-1.96E-03,1.12E-03,-2.46E-03,3.33E-03,standing
2.16E-01,1.97E+00,9.54E+00,9.74E+00,0.001,-0.206,-0.955,0.977,2.99E-03,3.33E-04,-9.49E-04,3.15E-03,standing
2.88E-01,1.98E+00,9.60E+00,9.80E+00,-0.002,-0.21,-0.958,0.981,5.42E-03,-2.42E-03,2.02E-03,6.27E-03,standing
2.88E-01,2.01E+00,9.67E+00,9.88E+00,-0.009,-0.209,-0.965,0.987,1.09E-02,-5.76E-03,4.68E-03,1.32E-02,standing
2.89E-01,2.02E+00,9.71E+00,9.92E+00,-0.013,-0.207,-0.979,1.001,1.07E-02,-1.44E-02,3.56E-03,1.83E-02,standing
3.01E-01,2.04E+00,9.71E+00,9.93E+00,-0.011,-0.205,-0.993,1.014,8.28E-03,-1.94E-02,3.94E-03,2.15E-02,standing
2.61E-01,2.03E+00,9.67E+00,9.88E+00,-0.004,-0.199,-1.003,1.022,4.89E-03,-2.09E-02,4.20E-03,2.18E-02,standing
2.22E-01,2.00E+00,9.58E+00,9.79E+00,-0.003,-0.192,-1,1.019,4.78E-03,-1.83E-02,1.54E-03,1.90E-02,standing
1.84E-01,1.99E+00,9.48E+00,9.69E+00,0,-0.189,-0.99,1.008,7.17E-03,-1.36E-02,-2.82E-03,1.56E-02,standing
1.71E-01,2.00E+00,9.43E+00,9.64E+00,0.005,-0.191,-0.979,0.997,1.78E-02,-8.62E-03,-9.41E-03,2.19E-02,standing
1.64E-01,2.02E+00,9.45E+00,9.66E+00,0.001,-0.194,-0.97,0.989,3.05E-02,2.12E-04,-1.04E-02,3.22E-02,standing
1.88E-01,2.01E+00,9.53E+00,9.74E+00,-0.003,-0.198,-0.971,0.99,3.56E-02,1.33E-02,-4.43E-03,3.82E-02,standing
2.06E-01,1.99E+00,9.63E+00,9.84E+00,-0.008,-0.204,-0.977,0.998,3.73E-02,1.34E-02,-2.47E-03,3.97E-02,standing
2.27E-01,2.00E+00,9.69E+00,9.89E+00,-0.014,-0.207,-0.987,1.009,3.94E-02,6.03E-03,-2.31E-04,3.98E-02,standing
2.35E-01,2.00E+00,9.69E+00,9.90E+00,-0.017,-0.209,-0.994,1.016,3.17E-02,-5.06E-03,6.49E-03,3.28E-02,standing
1.73E+00,1.14E+00,1.06E+01,1.08E+01,-0.084,0.262,-0.294,0.403,-3.23E-01,1.48E+00,1.61E+00,2.21E+00,running
1.92E+00,2.25E+00,1.04E+01,1.08E+01,-0.133,0.174,-0.154,0.268,-3.16E-01,1.46E+00,1.60E+00,2.19E+00,running
2.35E+00,3.19E+00,1.08E+01,1.15E+01,-0.155,0.095,-0.06,0.191,-3.09E-01,1.41E+00,1.57E+00,2.13E+00,running
2.92E+00,3.88E+00,1.25E+01,1.34E+01,-0.022,0.021,-0.051,0.06,-2.76E-01,1.42E+00,1.53E+00,2.11E+00,running
3.15E+00,3.85E+00,1.53E+01,1.61E+01,-0.004,-0.038,-0.06,0.071,-2.57E-01,1.47E+00,1.53E+00,2.14E+00,running
2.43E+00,3.29E+00,1.79E+01,1.84E+01,-0.049,-0.051,-0.061,0.094,-2.46E-01,1.54E+00,1.56E+00,2.21E+00,running
1.48E+00,2.61E+00,1.94E+01,1.96E+01,-0.108,-0.049,-0.084,0.145,-2.88E-01,1.62E+00,1.58E+00,2.28E+00,running
1.52E+00,2.35E+00,2.05E+01,2.07E+01,-0.253,-0.043,-0.206,0.329,-3.37E-01,1.64E+00,1.59E+00,2.31E+00,running
2.05E+00,2.74E+00,2.02E+01,2.05E+01,-0.353,-0.02,-0.344,0.493,-3.63E-01,1.60E+00,1.61E+00,2.29E+00,running
2.14E+00,3.58E+00,1.81E+01,1.85E+01,-0.369,-0.017,-0.494,0.616,-3.65E-01,1.52E+00,1.64E+00,2.27E+00,running
1.66E+00,4.09E+00,1.49E+01,1.55E+01,-0.366,-0.037,-0.692,0.784,-3.25E-01,1.46E+00,1.69E+00,2.26E+00,running
7.89E-01,4.23E+00,1.21E+01,1.29E+01,-0.314,-0.081,-0.999,1.05,-2.95E-01,1.41E+00,1.73E+00,2.25E+00,running
-1.56E-01,4.82E+00,9.45E+00,1.06E+01,-0.191,-0.16,-1.369,1.391,-2.88E-01,1.39E+00,1.75E+00,2.25E+00,running
-9.74E-02,6.20E+00,5.86E+00,8.53E+00,-0.02,-0.263,-1.669,1.689,-3.33E-01,1.37E+00,1.77E+00,2.26E+00,running
6.33E-01,7.67E+00,3.33E+00,8.39E+00,0.139,-0.372,-1.841,1.884,-3.62E-01,1.32E+00,1.82E+00,2.28E+00,running
1.27E+00,8.77E+00,3.82E+00,9.65E+00,0.223,-0.502,-1.87,1.949,-3.85E-01,1.26E+00,1.86E+00,2.28E+00,running
9.21E-01,8.53E+00,5.03E+00,9.95E+00,0.212,-0.663,-1.856,1.982,-4.21E-01,1.21E+00,1.90E+00,2.29E+00,running
-6.63E-01,7.17E+00,5.66E+00,9.16E+00,0.123,-0.814,-1.939,2.107,-4.42E-01,1.18E+00,1.92E+00,2.30E+00,running
-7.57E-01,8.72E+00,7.06E+00,1.12E+01,0,-0.901,-2.082,2.268,-4.75E-01,1.16E+00,1.92E+00,2.30E+00,running
-2.79E-01,8.73E+00,5.33E+00,1.02E+01,-0.123,-0.877,-2.21,2.381,-5.38E-01,1.13E+00,1.92E+00,2.29E+00,running
3.28E-01,8.29E+00,7.06E+00,1.09E+01,-0.189,-0.788,-2.27,2.411,-6.01E-01,1.10E+00,1.91E+00,2.29E+00,running
6.57E-01,7.50E+00,9.23E+00,1.19E+01,-0.187,-0.704,-2.23,2.346,-6.27E-01,1.08E+00,1.89E+00,2.27E+00,running
4.77E-01,6.32E+00,9.90E+00,1.18E+01,-0.145,-0.65,-2.082,2.186,-6.25E-01,1.07E+00,1.87E+00,2.25E+00,running
-6.29E-01,5.10E+00,9.57E+00,1.09E+01,-0.062,-0.633,-1.782,1.892,-6.20E-01,1.04E+00,1.88E+00,2.23E+00,running
2.11E-01,1.93E+00,9.61E+00,9.81E+00,-0.012,-0.206,-0.983,1.005,1.49E-02,-2.79E-03,-4.41E-03,1.58E-02,standing
2.07E-01,1.97E+00,9.60E+00,9.80E+00,-0.012,-0.208,-0.973,0.995,8.23E-03,-6.36E-03,2.61E-03,1.07E-02,standing
2.01E-01,1.98E+00,9.56E+00,9.76E+00,-0.01,-0.208,-0.965,0.987,1.03E-03,-5.84E-03,1.01E-02,1.17E-02,standing
2.13E-01,1.99E+00,9.56E+00,9.77E+00,-0.007,-0.209,-0.967,0.989,-2.20E-04,-7.21E-04,9.45E-03,9.48E-03,standing
2.05E-01,1.98E+00,9.55E+00,9.76E+00,-0.005,-0.206,-0.967,0.988,-4.00E-03,-3.24E-03,8.33E-03,9.79E-03,standing
1.93E-01,1.97E+00,9.54E+00,9.74E+00,-0.005,-0.206,-0.971,0.993,-2.11E-03,-6.48E-03,5.73E-03,8.90E-03,standing
1.85E-01,1.97E+00,9.49E+00,9.69E+00,-0.003,-0.206,-0.973,0.995,-9.57E-04,-4.62E-03,1.33E-03,4.90E-03,standing
1.89E-01,1.99E+00,9.44E+00,9.65E+00,-0.001,-0.204,-0.974,0.995,-6.10E-04,-1.80E-03,-2.79E-03,3.37E-03,standing
1.85E-01,1.99E+00,9.48E+00,9.68E+00,0.002,-0.204,-0.974,0.995,4.11E-03,1.21E-03,-7.04E-03,8.24E-03,standing
1.96E-01,1.99E+00,9.54E+00,9.75E+00,0.003,-0.206,-0.976,0.998,9.44E-03,4.37E-03,-5.22E-03,1.16E-02,standing
2.08E-01,1.97E+00,9.66E+00,9.86E+00,0,-0.207,-0.977,0.999,1.42E-02,3.09E-03,-1.92E-03,1.47E-02,standing
2.19E-01,1.94E+00,9.72E+00,9.91E+00,-0.002,-0.207,-0.98,1.002,2.26E-02,-2.00E-03,-1.81E-03,2.27E-02,standing
1.84E-01,1.94E+00,9.79E+00,9.98E+00,-0.001,-0.206,-0.981,1.002,1.82E-02,-9.33E-03,2.09E-03,2.05E-02,standing
1.46E-01,1.91E+00,9.82E+00,1.00E+01,0.001,-0.201,-0.979,0.999,1.14E-02,-1.51E-02,4.09E-03,1.94E-02,standing
1.38E-01,1.88E+00,9.79E+00,9.97E+00,0.001,-0.2,-0.98,1,-4.21E-03,-1.78E-02,4.93E-03,1.89E-02,standing
1.38E-01,1.85E+00,9.74E+00,9.91E+00,0.002,-0.198,-0.984,1.003,-1.38E-02,-1.85E-02,4.36E-03,2.35E-02,standing
1.44E-01,1.86E+00,9.71E+00,9.88E+00,0.001,-0.198,-0.986,1.006,-1.93E-02,-1.41E-02,4.56E-03,2.43E-02,standing
1.60E-01,1.91E+00,9.69E+00,9.88E+00,0,-0.2,-0.99,1.01,-1.75E-02,-6.30E-03,-1.11E-03,1.86E-02,standing
1.70E-01,1.95E+00,9.65E+00,9.85E+00,0.005,-0.2,-0.99,1.01,-9.91E-03,5.47E-03,-2.20E-03,1.15E-02,standing
1.81E-01,2.00E+00,9.58E+00,9.79E+00,0.008,-0.199,-0.984,1.004,2.46E-03,8.19E-03,-8.19E-03,1.18E-02,standing
1.61E-01,2.05E+00,9.53E+00,9.75E+00,0.009,-0.197,-0.981,1,1.80E-02,1.21E-02,-6.97E-03,2.28E-02,standing
1.38E-01,2.06E+00,9.44E+00,9.66E+00,0.01,-0.196,-0.978,0.998,2.51E-02,8.49E-03,-4.27E-03,2.68E-02,standing
1.59E-01,2.06E+00,9.39E+00,9.62E+00,0.011,-0.199,-0.974,0.994,2.49E-02,6.87E-03,-1.04E-03,2.58E-02,standing
-9.96E-01,1.98E+00,8.86E+00,9.13E+00,-0.077,-0.192,-1.076,1.096,-5.42E-02,2.75E-01,-7.63E-02,2.90E-01,walking
-5.09E-01,1.86E+00,9.25E+00,9.45E+00,-0.084,-0.207,-1.092,1.115,-7.25E-02,2.89E-01,-5.09E-02,3.03E-01,walking
-1.66E-01,1.70E+00,9.46E+00,9.61E+00,-0.096,-0.222,-1.118,1.144,-6.54E-02,2.59E-01,-2.79E-02,2.69E-01,walking
-2.68E-02,1.56E+00,9.37E+00,9.50E+00,-0.117,-0.243,-1.158,1.189,-2.76E-02,2.33E-01,-8.63E-03,2.35E-01,walking
-9.62E-02,1.45E+00,9.11E+00,9.22E+00,-0.143,-0.265,-1.209,1.246,2.84E-02,2.31E-01,7.96E-03,2.33E-01,walking
-2.39E-01,1.46E+00,8.77E+00,8.89E+00,-0.172,-0.284,-1.258,1.301,8.80E-02,2.38E-01,7.47E-03,2.54E-01,walking
-4.84E-01,1.57E+00,8.45E+00,8.61E+00,-0.179,-0.286,-1.285,1.328,1.26E-01,2.57E-01,8.82E-03,2.86E-01,walking
-6.85E-01,1.78E+00,8.14E+00,8.36E+00,-0.167,-0.268,-1.28,1.319,1.16E-01,2.53E-01,3.22E-03,2.78E-01,walking
-8.30E-01,2.05E+00,8.07E+00,8.37E+00,-0.13,-0.247,-1.243,1.274,6.28E-02,2.21E-01,2.89E-03,2.29E-01,walking
-8.75E-01,2.36E+00,8.15E+00,8.53E+00,-0.084,-0.225,-1.198,1.221,-2.36E-02,1.89E-01,1.86E-02,1.91E-01,walking
-8.18E-01,2.77E+00,8.31E+00,8.80E+00,-0.04,-0.221,-1.166,1.187,-1.33E-01,1.54E-01,5.46E-02,2.11E-01,walking
-2.16E-01,2.93E+00,8.38E+00,8.88E+00,0.019,-0.238,-1.156,1.181,-2.45E-01,1.34E-01,1.02E-01,2.97E-01,walking
3.38E-01,2.95E+00,8.24E+00,8.76E+00,0.07,-0.261,-1.161,1.192,-3.49E-01,1.21E-01,1.51E-01,3.99E-01,walking
7.65E-01,2.95E+00,8.00E+00,8.56E+00,0.114,-0.279,-1.187,1.225,-4.28E-01,1.24E-01,2.00E-01,4.89E-01,walking
9.91E-01,3.06E+00,7.75E+00,8.39E+00,0.151,-0.3,-1.214,1.259,-4.72E-01,1.55E-01,2.50E-01,5.56E-01,walking
9.19E-01,3.22E+00,7.51E+00,8.22E+00,0.163,-0.301,-1.219,1.266,-4.91E-01,2.01E-01,2.92E-01,6.05E-01,walking
7.35E-01,3.46E+00,7.53E+00,8.32E+00,0.147,-0.274,-1.219,1.258,-4.97E-01,2.35E-01,3.24E-01,6.38E-01,walking
6.15E-01,3.76E+00,7.56E+00,8.46E+00,0.107,-0.241,-1.237,1.265,-4.99E-01,2.54E-01,3.62E-01,6.66E-01,walking
6.42E-01,3.98E+00,7.53E+00,8.54E+00,0.052,-0.213,-1.279,1.298,-4.95E-01,2.51E-01,4.10E-01,6.90E-01,walking
6.17E-01,4.15E+00,7.41E+00,8.51E+00,0.006,-0.194,-1.328,1.342,-4.91E-01,2.37E-01,4.69E-01,7.19E-01,walking
5.72E-01,4.26E+00,7.34E+00,8.50E+00,-0.013,-0.17,-1.361,1.371,-4.79E-01,2.35E-01,5.36E-01,7.57E-01,walking
1.00E+00,4.45E+00,9.00E+00,1.01E+01,0.239,-0.405,-0.277,0.546,7.37E-02,-1.32E-01,-2.03E-02,1.53E-01,running
1.18E+00,3.48E+00,8.61E+00,9.37E+00,0.348,-0.317,-0.417,0.629,1.00E-01,-8.07E-02,-2.42E-02,1.31E-01,running
1.78E+00,2.74E+00,7.97E+00,8.62E+00,0.422,-0.222,-0.603,0.769,1.77E-02,-1.91E-01,-2.26E-02,1.93E-01,running
2.24E+00,2.08E+00,7.07E+00,7.70E+00,0.443,-0.148,-0.829,0.951,-6.61E-02,-3.13E-01,-2.50E-02,3.21E-01,running
2.37E+00,1.45E+00,6.83E+00,7.37E+00,0.43,-0.097,-1.149,1.231,-6.89E-02,-3.98E-01,-1.31E-01,4.25E-01,running
1.97E+00,9.25E-01,6.11E+00,6.49E+00,0.364,-0.127,-1.282,1.338,-2.78E-02,-5.46E-01,-2.70E-01,6.09E-01,running
1.43E+00,4.64E-01,4.74E+00,4.97E+00,0.292,-0.232,-1.237,1.292,-4.89E-02,-6.87E-01,-3.70E-01,7.82E-01,running
9.95E-01,5.09E-01,2.94E+00,3.15E+00,0.263,-0.34,-1.078,1.161,-1.38E-01,-7.86E-01,-4.21E-01,9.02E-01,running
7.28E-01,8.85E-01,1.29E+00,1.73E+00,0.232,-0.434,-0.8,0.939,-2.96E-01,-8.27E-01,-4.63E-01,9.93E-01,running
4.53E-01,1.09E+00,9.37E-02,1.18E+00,0.223,-0.47,-0.529,0.742,-4.68E-01,-8.14E-01,-5.13E-01,1.07E+00,running
1.46E-01,1.20E+00,-1.84E-01,1.22E+00,0.241,-0.465,-0.374,0.644,-5.66E-01,-7.83E-01,-5.56E-01,1.12E+00,running
9.76E-02,1.34E+00,9.72E-01,1.66E+00,0.301,-0.463,-0.379,0.67,-5.87E-01,-6.99E-01,-5.73E-01,1.08E+00,running
3.94E-01,1.22E+00,3.00E+00,3.26E+00,0.436,-0.534,-0.459,0.828,-5.56E-01,-5.21E-01,-5.30E-01,9.28E-01,running
5.06E-01,1.14E+00,4.79E+00,4.94E+00,0.527,-0.591,-0.581,0.982,-5.49E-01,-2.31E-01,-4.00E-01,7.18E-01,running
6.50E-01,9.58E-01,6.51E+00,6.61E+00,0.558,-0.616,-0.776,1.137,-5.75E-01,1.34E-01,-1.84E-01,6.18E-01,running
1.22E+00,5.81E-01,8.66E+00,8.76E+00,0.525,-0.59,-1.075,1.334,-5.83E-01,4.96E-01,5.88E-02,7.67E-01,running
1.53E+00,5.20E-01,1.04E+01,1.05E+01,0.487,-0.553,-1.449,1.625,-5.40E-01,7.72E-01,2.89E-01,9.85E-01,running
1.73E+00,1.14E+00,1.06E+01,1.08E+01,0.468,-0.542,-1.79,1.928,-4.17E-01,9.90E-01,5.04E-01,1.19E+00,running
1.92E+00,2.25E+00,1.04E+01,1.08E+01,0.565,-0.572,-2.033,2.186,-1.57E-01,1.15E+00,7.58E-01,1.38E+00,running
2.35E+00,3.19E+00,1.08E+01,1.15E+01,0.64,-0.633,-1.98,2.175,2.45E-01,1.18E+00,1.06E+00,1.61E+00,running
2.92E+00,3.88E+00,1.25E+01,1.34E+01,0.598,-0.719,-1.777,2.008,7.39E-01,1.19E+00,1.40E+00,1.98E+00,running
3.15E+00,3.85E+00,1.53E+01,1.61E+01,0.46,-0.777,-1.681,1.909,1.24E+00,1.24E+00,1.73E+00,2.46E+00,running
2.43E+00,3.29E+00,1.79E+01,1.84E+01,0.228,-0.699,-1.869,2.008,1.65E+00,1.33E+00,2.01E+00,2.92E+00,running
1.48E+00,2.61E+00,1.94E+01,1.96E+01,0.032,-0.486,-2.194,2.247,1.98E+00,1.46E+00,2.25E+00,3.33E+00,running
1.52E+00,2.35E+00,2.05E+01,2.07E+01,-0.018,-0.26,-2.354,2.369,2.24E+00,1.67E+00,2.43E+00,3.70E+00,running
2.05E+00,2.74E+00,2.02E+01,2.05E+01,0.04,-0.084,-2.219,2.221,2.40E+00,1.94E+00,2.57E+00,4.02E+00,running
2.14E+00,3.58E+00,1.81E+01,1.85E+01,0.162,0.033,-1.875,1.883,2.45E+00,2.20E+00,2.72E+00,4.27E+00,running
1.66E+00,4.09E+00,1.49E+01,1.55E+01,0.313,0.082,-1.478,1.513,2.38E+00,2.42E+00,2.91E+00,4.47E+00,running
7.89E-01,4.23E+00,1.21E+01,1.29E+01,0.416,0.088,-1.112,1.19,2.32E+00,2.62E+00,3.15E+00,4.70E+00,running
-1.56E-01,4.82E+00,9.45E+00,1.06E+01,0.424,0.081,-0.801,0.91,2.30E+00,2.70E+00,3.42E+00,4.93E+00,running
-9.74E-02,6.20E+00,5.86E+00,8.53E+00,0.334,0.072,-0.528,0.629,2.35E+00,2.65E+00,3.73E+00,5.14E+00,running
-8.99E-01,6.95E+00,6.76E+00,9.74E+00,0.141,-0.043,-0.976,0.987,9.75E-01,-6.64E-01,9.42E-01,1.51E+00,walking
3.52E-01,7.83E+00,7.48E+00,1.08E+01,0.161,-0.041,-0.862,0.878,8.97E-01,-7.14E-01,8.11E-01,1.40E+00,walking
1.51E+00,8.78E+00,8.11E+00,1.20E+01,0.174,-0.046,-0.771,0.791,8.55E-01,-6.97E-01,6.64E-01,1.29E+00,walking
2.26E+00,9.38E+00,8.72E+00,1.30E+01,0.179,-0.06,-0.704,0.729,8.38E-01,-6.02E-01,5.18E-01,1.15E+00,walking
2.62E+00,9.37E+00,8.94E+00,1.32E+01,0.186,-0.083,-0.669,0.699,8.20E-01,-4.21E-01,4.14E-01,1.01E+00,walking
2.61E+00,8.80E+00,8.55E+00,1.25E+01,0.18,-0.11,-0.66,0.693,7.92E-01,-1.71E-01,3.63E-01,8.87E-01,walking
2.10E+00,8.05E+00,7.72E+00,1.14E+01,0.156,-0.131,-0.671,0.702,7.37E-01,1.05E-01,3.70E-01,8.31E-01,walking
1.52E+00,7.34E+00,6.89E+00,1.02E+01,0.111,-0.146,-0.697,0.721,6.54E-01,4.13E-01,4.13E-01,8.77E-01,walking
7.62E-01,6.75E+00,6.33E+00,9.29E+00,0.058,-0.163,-0.728,0.748,5.42E-01,7.00E-01,4.91E-01,1.01E+00,walking
2.65E-01,6.33E+00,6.14E+00,8.82E+00,0.006,-0.184,-0.758,0.78,4.04E-01,9.37E-01,5.85E-01,1.18E+00,walking
-4.49E-03,6.17E+00,6.48E+00,8.95E+00,-0.037,-0.201,-0.792,0.818,2.60E-01,1.11E+00,6.76E-01,1.32E+00,walking
-8.95E-01,6.07E+00,6.51E+00,8.95E+00,-0.066,-0.212,-0.83,0.859,1.19E-01,1.21E+00,7.50E-01,1.43E+00,walking
-3.85E-01,6.27E+00,6.21E+00,8.84E+00,-0.082,-0.216,-0.865,0.895,-6.42E-03,1.24E+00,8.17E-01,1.48E+00,walking
2.99E-04,6.60E+00,5.95E+00,8.88E+00,-0.084,-0.213,-0.891,0.92,-1.09E-01,1.17E+00,8.69E-01,1.46E+00,walking
2.58E-01,7.03E+00,5.55E+00,8.96E+00,-0.071,-0.2,-0.904,0.928,-1.82E-01,1.03E+00,8.98E-01,1.38E+00,walking
5.78E-01,7.31E+00,5.22E+00,9.01E+00,-0.053,-0.183,-0.901,0.921,-2.24E-01,8.32E-01,8.87E-01,1.24E+00,walking
8.76E-01,7.57E+00,4.97E+00,9.10E+00,-0.032,-0.158,-0.878,0.892,-2.27E-01,6.02E-01,8.17E-01,1.04E+00,walking
9.58E-01,7.73E+00,4.50E+00,9.00E+00,0.003,-0.132,-0.848,0.858,-2.00E-01,3.44E-01,6.93E-01,7.99E-01,walking
9.99E-01,7.74E+00,3.85E+00,8.70E+00,0.052,-0.113,-0.822,0.831,-1.33E-01,7.77E-02,5.38E-01,5.60E-01,walking
1.05E+00,7.80E+00,3.37E+00,8.56E+00,0.091,-0.101,-0.81,0.821,-4.78E-02,-1.55E-01,3.84E-01,4.17E-01,walking
9.44E-01,7.98E+00,3.11E+00,8.61E+00,0.109,-0.093,-0.812,0.825,3.94E-02,-3.29E-01,2.32E-01,4.05E-01,walking
9.36E-01,8.05E+00,2.96E+00,8.62E+00,0.112,-0.084,-0.825,0.836,1.20E-01,-4.17E-01,9.95E-02,4.46E-01,walking
2.30E-01,2.03E+00,9.42E+00,9.64E+00,0.004,-0.199,-0.985,1.005,1.94E-02,-1.26E-03,6.97E-03,2.07E-02,standing
2.72E-01,2.07E+00,9.45E+00,9.68E+00,0.002,-0.199,-0.98,1,1.30E-02,3.69E-03,4.94E-03,1.43E-02,standing
3.21E-01,2.08E+00,9.47E+00,9.70E+00,0.001,-0.204,-0.984,1.005,9.48E-03,-5.98E-04,6.02E-03,1.12E-02,standing
3.22E-01,2.08E+00,9.51E+00,9.74E+00,0.002,-0.207,-0.986,1.007,-3.00E-03,-1.02E-03,1.59E-03,3.54E-03,standing
2.94E-01,2.07E+00,9.57E+00,9.80E+00,0.001,-0.207,-0.981,1.002,-8.24E-03,-5.56E-03,4.35E-03,1.09E-02,standing
2.66E-01,2.02E+00,9.64E+00,9.85E+00,0.003,-0.206,-0.974,0.996,-2.67E-03,-7.73E-03,1.36E-03,8.29E-03,standing
2.37E-01,1.95E+00,9.64E+00,9.83E+00,0.002,-0.205,-0.97,0.991,5.43E-03,-8.88E-03,-3.78E-03,1.11E-02,standing
1.86E-01,1.92E+00,9.66E+00,9.85E+00,0.003,-0.205,-0.966,0.988,1.29E-02,-2.26E-03,-8.18E-03,1.55E-02,standing
1.68E-01,1.85E+00,9.64E+00,9.82E+00,0.003,-0.204,-0.966,0.988,2.02E-02,7.55E-03,-6.22E-03,2.24E-02,standing
1.88E-01,1.85E+00,9.60E+00,9.78E+00,-0.001,-0.204,-0.97,0.991,1.51E-02,2.21E-02,-8.23E-03,2.80E-02,standing
2.20E-01,1.88E+00,9.61E+00,9.80E+00,-0.004,-0.204,-0.973,0.994,1.35E-02,2.07E-02,-3.42E-03,2.49E-02,standing
2.20E-01,1.95E+00,9.65E+00,9.84E+00,-0.002,-0.204,-0.974,0.995,6.45E-03,1.11E-02,3.14E-04,1.28E-02,standing
2.47E-01,1.99E+00,9.69E+00,9.90E+00,0.002,-0.208,-0.97,0.992,-3.80E-03,-5.37E-03,6.41E-03,9.19E-03,standing
2.63E-01,2.03E+00,9.76E+00,9.97E+00,0.006,-0.207,-0.965,0.987,-1.31E-02,-2.28E-02,8.69E-03,2.77E-02,standing
2.40E-01,2.03E+00,9.80E+00,1.00E+01,0.003,-0.211,-0.962,0.985,-1.83E-02,-2.80E-02,7.38E-03,3.42E-02,standing
2.43E-01,2.01E+00,9.79E+00,9.99E+00,0,-0.213,-0.963,0.986,-2.69E-02,-3.25E-02,3.50E-03,4.24E-02,standing
2.33E-01,1.98E+00,9.73E+00,9.94E+00,-0.004,-0.213,-0.971,0.994,-3.24E-02,-1.89E-02,-1.01E-02,3.89E-02,standing
1.91E-01,1.96E+00,9.63E+00,9.83E+00,-0.007,-0.211,-0.979,1.001,-2.63E-02,-5.91E-03,-2.09E-02,3.41E-02,standing
1.56E-01,1.94E+00,9.53E+00,9.73E+00,-0.008,-0.207,-0.985,1.006,-2.32E-02,7.51E-03,-2.45E-02,3.46E-02,standing
1.54E-01,1.95E+00,9.49E+00,9.69E+00,-0.008,-0.204,-0.987,1.008,-1.97E-02,1.81E-02,-2.92E-02,3.96E-02,standing
1.75E-01,1.95E+00,9.50E+00,9.70E+00,-0.006,-0.202,-0.987,1.008,-9.89E-03,2.30E-02,-2.68E-02,3.67E-02,standing
2.38E-01,1.99E+00,9.54E+00,9.74E+00,-0.001,-0.203,-0.984,1.005,3.68E-03,2.41E-02,-1.60E-02,2.92E-02,standing
2.38E-01,2.02E+00,9.62E+00,9.84E+00,0,-0.204,-0.98,1.001,8.46E-03,1.34E-02,-3.76E-03,1.63E-02,standing
3.05E-01,2.00E+00,9.62E+00,9.83E+00,-0.003,-0.205,-0.976,0.998,1.71E-02,-4.20E-03,3.81E-03,1.80E-02,standing
2.75E-01,1.97E+00,9.57E+00,9.78E+00,-0.007,-0.207,-0.976,0.998,1.92E-02,-1.34E-02,1.24E-02,2.65E-02,standing
1.94E-01,1.97E+00,9.58E+00,9.78E+00,-0.007,-0.213,-0.979,1.002,1.37E-02,-1.74E-02,1.59E-02,2.73E-02,standing
1.59E-01,1.95E+00,9.58E+00,9.78E+00,-0.006,-0.212,-0.98,1.003,8.32E-03,-6.28E-03,1.54E-02,1.86E-02,standing
1.99E-01,1.93E+00,9.59E+00,9.79E+00,-0.015,-0.211,-0.979,1.002,7.11E-03,-3.44E-04,1.18E-02,1.37E-02,standing
2.41E-01,1.97E+00,9.59E+00,9.80E+00,-0.016,-0.211,-0.98,1.002,4.92E-04,6.42E-03,7.90E-03,1.02E-02,standing
2.56E-01,2.00E+00,9.59E+00,9.80E+00,-0.014,-0.212,-0.983,1.006,-4.50E-03,2.49E-03,-4.35E-04,5.17E-03,standing
2.35E-01,1.99E+00,9.57E+00,9.78E+00,-0.011,-0.21,-0.982,1.004,-4.45E-03,6.17E-04,-5.34E-03,6.98E-03,standing
-9.93E-01,6.11E+00,8.01E+00,1.01E+01,-0.135,0.224,-0.587,0.643,5.99E-01,2.76E+00,3.27E-01,2.85E+00,running
-3.24E-01,5.37E+00,7.39E+00,9.14E+00,-0.148,0.187,-0.517,0.569,3.76E-01,3.09E+00,5.54E-01,3.17E+00,running
2.09E-01,4.67E+00,6.86E+00,8.30E+00,-0.146,0.146,-0.384,0.436,3.45E-01,3.09E+00,7.12E-01,3.19E+00,running
6.37E-01,4.04E+00,5.97E+00,7.23E+00,-0.142,0.085,-0.248,0.298,6.34E-01,2.71E+00,7.47E-01,2.88E+00,running
8.93E-01,3.35E+00,5.01E+00,6.09E+00,-0.124,0.005,-0.151,0.195,1.11E+00,2.08E+00,6.89E-01,2.46E+00,running
1.43E+00,2.69E+00,4.42E+00,5.36E+00,-0.104,-0.069,-0.067,0.141,1.58E+00,1.50E+00,6.44E-01,2.28E+00,running
2.13E+00,2.47E+00,3.95E+00,5.12E+00,-0.095,-0.13,-0.013,0.162,1.92E+00,1.19E+00,6.47E-01,2.35E+00,running
2.74E+00,2.41E+00,3.12E+00,4.80E+00,-0.101,-0.188,-0.022,0.214,2.06E+00,1.28E+00,7.18E-01,2.52E+00,running
3.06E+00,2.52E+00,2.06E+00,4.46E+00,-0.171,-0.237,-0.155,0.331,1.90E+00,1.55E+00,8.42E-01,2.60E+00,running
3.09E+00,2.63E+00,1.34E+00,4.27E+00,-0.29,-0.241,-0.471,0.603,1.56E+00,1.92E+00,9.15E-01,2.64E+00,running
2.93E+00,2.59E+00,1.23E+00,4.10E+00,-0.412,-0.116,-1.128,1.207,1.26E+00,1.95E+00,9.31E-01,2.50E+00,running
2.79E+00,2.69E+00,1.01E+00,4.00E+00,-0.536,-0.055,-1.616,1.704,1.31E+00,1.43E+00,9.47E-01,2.15E+00,running
2.63E+00,2.81E+00,5.48E-01,3.89E+00,-0.351,-0.161,-1.908,1.946,1.91E+00,6.36E-01,1.04E+00,2.26E+00,running
2.40E+00,2.73E+00,1.34E-01,3.64E+00,-0.154,-0.323,-1.797,1.832,3.03E+00,3.70E-01,1.27E+00,3.30E+00,running
2.08E+00,2.86E+00,-1.00E-02,3.53E+00,-0.13,-0.517,-1.376,1.475,4.06E+00,9.04E-01,1.77E+00,4.52E+00,running
1.61E+00,2.60E+00,4.48E-02,3.05E+00,-0.266,-0.745,-0.942,1.23,4.40E+00,1.51E+00,2.45E+00,5.26E+00,running
1.21E+00,2.13E+00,5.78E-01,2.52E+00,-0.349,-0.865,-0.857,1.266,4.15E+00,2.03E+00,2.80E+00,5.40E+00,running
1.22E+00,2.14E+00,1.60E+00,2.94E+00,-0.301,-0.741,-1.36,1.577,3.65E+00,2.54E+00,2.66E+00,5.18E+00,running
1.59E+00,2.48E+00,2.80E+00,4.06E+00,-0.259,-0.366,-2.33,2.372,3.01E+00,2.73E+00,2.33E+00,4.69E+00,running
1.36E+00,2.89E+00,4.47E+00,5.50E+00,-0.254,0.026,-3.13,3.14,2.38E+00,2.49E+00,2.22E+00,4.09E+00,running
7.06E-01,3.80E+00,5.81E+00,6.97E+00,-0.184,0.192,-3.217,3.228,1.92E+00,1.98E+00,2.34E+00,3.62E+00,running
3.97E-01,4.83E+00,6.30E+00,7.95E+00,-0.105,0.174,-2.756,2.763,1.61E+00,1.38E+00,2.41E+00,3.21E+00,running
5.76E-01,5.53E+00,7.48E+00,9.32E+00,-0.072,0.065,-2.088,2.09,1.26E+00,8.01E-01,2.30E+00,2.74E+00,running
1.05E+00,6.17E+00,9.71E+00,1.16E+01,-0.053,-0.156,-1.475,1.484,8.07E-01,2.42E-01,2.06E+00,2.22E+00,running
7.05E-01,7.43E+00,1.10E+01,1.33E+01,-0.101,-0.455,-0.903,1.016,3.40E-01,-2.64E-01,1.75E+00,1.81E+00,running
2.06E-01,9.87E+00,9.52E+00,1.37E+01,-0.182,-0.728,-0.384,0.843,-1.73E-02,-6.23E-01,1.47E+00,1.60E+00,running
1.06E+00,1.14E+01,8.31E+00,1.42E+01,-0.154,-0.821,-0.089,0.84,-2.64E-01,-8.62E-01,1.26E+00,1.55E+00,running
2.25E+00,1.15E+01,9.08E+00,1.48E+01,-0.093,-0.882,0.073,0.89,-4.67E-01,-9.36E-01,1.11E+00,1.52E+00,running
2.40E+00,1.12E+01,1.21E+01,1.67E+01,-0.059,-0.843,0.133,0.855,-6.51E-01,-7.94E-01,1.05E+00,1.47E+00,running
1.72E+00,1.06E+01,1.44E+01,1.80E+01,0.032,-0.554,0.108,0.565,-7.69E-01,-4.97E-01,1.07E+00,1.40E+00,running
6.02E-01,1.00E+01,1.42E+01,1.74E+01,0.27,-0.453,-0.055,0.53,-8.26E-01,-1.44E-01,1.11E+00,1.39E+00,running
6.64E-01,8.66E+00,3.02E+00,9.19E+00,0.038,-0.287,-0.93,0.974,-2.16E-01,7.06E-01,-9.95E-01,1.24E+00,walking
3.37E-01,8.38E+00,2.79E+00,8.84E+00,0.064,-0.298,-0.957,1.005,-2.20E-01,8.11E-01,-8.89E-01,1.22E+00,walking
-1.21E-02,8.00E+00,2.59E+00,8.41E+00,0.085,-0.302,-0.985,1.034,-2.06E-01,8.91E-01,-7.79E-01,1.20E+00,walking
-3.63E-01,7.64E+00,2.42E+00,8.02E+00,0.104,-0.304,-1.023,1.073,-1.71E-01,9.38E-01,-6.75E-01,1.17E+00,walking
-6.66E-01,7.39E+00,2.23E+00,7.75E+00,0.127,-0.311,-1.071,1.122,-1.26E-01,9.56E-01,-5.85E-01,1.13E+00,walking
-7.90E-01,7.24E+00,2.00E+00,7.55E+00,0.146,-0.315,-1.124,1.176,-7.74E-02,9.52E-01,-5.18E-01,1.09E+00,walking
-7.91E-01,7.22E+00,1.80E+00,7.48E+00,0.16,-0.315,-1.173,1.225,-2.62E-02,9.22E-01,-4.75E-01,1.04E+00,walking
-6.29E-01,7.28E+00,1.70E+00,7.50E+00,0.179,-0.313,-1.214,1.266,2.41E-02,8.62E-01,-4.59E-01,9.77E-01,walking
-4.09E-01,7.44E+00,1.65E+00,7.63E+00,0.208,-0.307,-1.236,1.29,8.00E-02,7.79E-01,-4.66E-01,9.11E-01,walking
-1.78E-01,7.62E+00,1.60E+00,7.79E+00,0.225,-0.289,-1.245,1.298,1.25E-01,6.97E-01,-4.80E-01,8.56E-01,walking
5.55E-02,7.87E+00,1.57E+00,8.03E+00,0.228,-0.258,-1.247,1.294,1.76E-01,6.28E-01,-4.87E-01,8.13E-01,walking
2.81E-01,8.14E+00,1.59E+00,8.29E+00,0.22,-0.222,-1.246,1.284,2.28E-01,5.74E-01,-4.86E-01,7.86E-01,walking
4.99E-01,8.35E+00,1.62E+00,8.52E+00,0.207,-0.191,-1.253,1.284,2.80E-01,5.19E-01,-4.81E-01,7.61E-01,walking
6.41E-01,8.57E+00,1.62E+00,8.74E+00,0.196,-0.165,-1.265,1.291,3.25E-01,4.48E-01,-4.73E-01,7.28E-01,walking
6.63E-01,8.73E+00,1.59E+00,8.90E+00,0.202,-0.145,-1.281,1.305,3.61E-01,3.43E-01,-4.48E-01,6.70E-01,walking
5.94E-01,8.79E+00,1.65E+00,8.96E+00,0.237,-0.142,-1.291,1.32,3.96E-01,2.14E-01,-4.00E-01,6.02E-01,walking
4.53E-01,8.75E+00,1.85E+00,8.96E+00,0.306,-0.173,-1.27,1.318,4.47E-01,7.92E-02,-3.03E-01,5.46E-01,walking
3.00E-01,8.71E+00,2.11E+00,8.97E+00,0.359,-0.205,-1.218,1.286,5.12E-01,-2.64E-02,-1.72E-01,5.40E-01,walking
1.99E-01,8.75E+00,2.25E+00,9.04E+00,0.369,-0.228,-1.161,1.239,5.77E-01,-1.01E-01,-1.29E-02,5.86E-01,walking
1.44E-01,8.84E+00,2.28E+00,9.13E+00,0.35,-0.244,-1.117,1.195,6.23E-01,-1.26E-01,1.58E-01,6.55E-01,walking
8.29E-02,9.06E+00,2.16E+00,9.32E+00,0.297,-0.242,-1.098,1.163,6.11E-01,-1.38E-01,3.03E-01,6.95E-01,walking
2.37E-01,2.06E+00,9.63E+00,9.85E+00,0.001,-0.207,-0.98,1.002,2.68E-03,-1.01E-02,3.66E-03,1.11E-02,standing
2.70E-01,2.02E+00,9.56E+00,9.78E+00,0.003,-0.206,-0.978,1,5.47E-03,-1.41E-02,5.17E-03,1.60E-02,standing
2.69E-01,2.04E+00,9.51E+00,9.73E+00,0.003,-0.204,-0.976,0.997,3.97E-03,-8.94E-03,-3.59E-04,9.79E-03,standing
2.46E-01,2.05E+00,9.47E+00,9.70E+00,0.002,-0.204,-0.971,0.992,6.88E-03,-9.16E-03,-7.65E-04,1.15E-02,standing
2.22E-01,2.03E+00,9.49E+00,9.71E+00,0.001,-0.201,-0.963,0.984,6.37E-03,1.06E-03,-8.99E-03,1.11E-02,standing
2.42E-01,2.05E+00,9.56E+00,9.78E+00,-0.003,-0.205,-0.967,0.989,3.44E-04,1.18E-02,-1.04E-02,1.58E-02,standing
2.54E-01,2.06E+00,9.58E+00,9.80E+00,-0.005,-0.211,-0.977,0.999,-1.06E-02,1.20E-02,-8.35E-03,1.81E-02,standing
2.24E-01,2.07E+00,9.56E+00,9.79E+00,-0.006,-0.211,-0.984,1.006,-1.93E-02,1.16E-02,-8.05E-03,2.39E-02,standing
1.92E-01,2.08E+00,9.51E+00,9.73E+00,-0.009,-0.209,-0.989,1.011,-1.80E-02,8.35E-03,-8.05E-03,2.14E-02,standing
2.30E-01,2.07E+00,9.45E+00,9.68E+00,-0.01,-0.207,-0.992,1.014,-2.03E-02,4.84E-03,-8.76E-03,2.26E-02,standing
2.59E-01,2.05E+00,9.44E+00,9.67E+00,-0.01,-0.208,-0.989,1.011,-1.95E-02,4.04E-03,-5.39E-03,2.06E-02,standing
2.66E-01,2.05E+00,9.48E+00,9.70E+00,-0.008,-0.209,-0.982,1.004,-1.69E-02,6.15E-03,-1.17E-04,1.79E-02,standing
3.00E-01,2.02E+00,9.53E+00,9.75E+00,-0.006,-0.21,-0.976,0.998,-1.62E-02,9.24E-03,2.04E-03,1.87E-02,standing
3.01E-01,2.01E+00,9.57E+00,9.78E+00,-0.005,-0.21,-0.969,0.991,-1.40E-02,8.24E-03,3.17E-03,1.66E-02,standing
2.12E-01,2.01E+00,9.59E+00,9.80E+00,-0.006,-0.21,-0.967,0.99,-1.29E-02,9.25E-03,-4.06E-03,1.64E-02,standing
1.88E-01,2.03E+00,9.55E+00,9.77E+00,-0.004,-0.209,-0.967,0.989,-8.48E-03,4.23E-03,-2.90E-03,9.90E-03,standing
1.58E-01,2.06E+00,9.47E+00,9.70E+00,-0.003,-0.21,-0.971,0.994,-9.57E-03,9.24E-03,-4.76E-03,1.41E-02,standing
1.55E-01,2.10E+00,9.45E+00,9.68E+00,-0.003,-0.21,-0.973,0.995,-9.99E-03,4.17E-03,-2.70E-03,1.12E-02,standing
1.96E-01,2.13E+00,9.51E+00,9.75E+00,-0.003,-0.212,-0.972,0.995,-8.57E-03,4.30E-03,-1.15E-03,9.66E-03,standing
2.76E-01,2.15E+00,9.62E+00,9.86E+00,-0.004,-0.21,-0.971,0.994,-9.65E-03,1.63E-03,5.04E-04,9.80E-03,standing
3.23E-01,2.11E+00,9.72E+00,9.95E+00,-0.003,-0.21,-0.971,0.993,-5.02E-03,-1.13E-03,-2.98E-03,5.95E-03,standing
2.01E+00,4.25E-01,-7.04E-01,2.17E+00,0.249,0.151,-0.555,0.627,-7.48E-01,4.30E-01,-8.42E-01,1.21E+00,running
3.20E+00,1.98E+00,4.00E-01,3.79E+00,0.108,0.015,-0.57,0.581,-4.38E-01,6.00E-01,-7.80E-01,1.08E+00,running
4.09E+00,3.45E+00,1.84E+00,5.66E+00,-0.092,-0.049,-0.589,0.598,-1.91E-01,5.63E-01,-6.50E-01,8.81E-01,running
4.09E+00,4.88E+00,3.80E+00,7.42E+00,-0.251,-0.07,-0.547,0.606,2.86E-02,4.70E-01,-5.36E-01,7.14E-01,running
2.90E+00,5.83E+00,5.67E+00,8.63E+00,-0.291,-0.062,-0.498,0.58,2.08E-01,4.29E-01,-4.71E-01,6.70E-01,running
8.08E-01,6.96E+00,7.41E+00,1.02E+01,-0.267,-0.013,-0.458,0.53,2.86E-01,4.75E-01,-4.37E-01,7.06E-01,running
1.29E-01,7.18E+00,9.58E+00,1.20E+01,-0.21,0.069,-0.467,0.517,3.00E-01,6.37E-01,-4.48E-01,8.34E-01,running
2.01E+00,6.23E+00,1.39E+01,1.54E+01,-0.147,0.145,-0.505,0.546,3.49E-01,8.43E-01,-4.50E-01,1.02E+00,running
3.72E+00,6.40E+00,1.90E+01,2.04E+01,-0.123,0.195,-0.538,0.585,4.71E-01,9.63E-01,-3.55E-01,1.13E+00,running
3.13E+00,6.84E+00,2.13E+01,2.25E+01,-0.116,0.228,-0.57,0.625,6.93E-01,9.08E-01,-2.25E-01,1.16E+00,running
9.68E-01,6.39E+00,2.08E+01,2.17E+01,-0.088,0.28,-0.602,0.67,9.44E-01,7.62E-01,-1.20E-01,1.22E+00,running
-7.88E-01,6.42E+00,2.02E+01,2.12E+01,-0.063,0.296,-0.603,0.674,1.13E+00,6.26E-01,-6.32E-02,1.29E+00,running
-1.77E-01,6.88E+00,2.13E+01,2.24E+01,-0.076,0.24,-0.565,0.619,1.30E+00,5.99E-01,-4.28E-02,1.43E+00,running
1.24E+00,7.63E+00,2.23E+01,2.36E+01,-0.127,0.147,-0.495,0.531,1.36E+00,6.37E-01,6.58E-02,1.50E+00,running
1.52E+00,8.20E+00,2.12E+01,2.28E+01,-0.203,0.045,-0.4,0.451,1.31E+00,5.34E-01,2.56E-01,1.44E+00,running
1.12E+00,8.32E+00,1.84E+01,2.02E+01,-0.247,-0.033,-0.304,0.393,1.23E+00,3.56E-01,4.63E-01,1.36E+00,running
7.89E-01,8.42E+00,1.44E+01,1.67E+01,-0.191,-0.008,-0.217,0.289,1.05E+00,4.26E-02,5.82E-01,1.20E+00,running
3.59E-01,8.51E+00,1.05E+01,1.35E+01,-0.158,-0.021,-0.141,0.213,7.52E-01,-4.47E-01,5.55E-01,1.04E+00,running
-6.28E-01,7.97E+00,6.88E+00,1.05E+01,-0.203,-0.085,-0.12,0.25,3.86E-01,-5.97E-01,4.03E-01,8.17E-01,running
3.17E-01,2.13E+00,9.53E+00,9.77E+00,-0.004,-0.208,-0.966,0.988,2.75E-02,1.68E-02,9.05E-03,3.35E-02,standing
3.35E-01,2.16E+00,9.54E+00,9.78E+00,-0.001,-0.21,-0.97,0.992,1.81E-02,1.23E-02,1.32E-02,2.56E-02,standing
3.22E-01,2.14E+00,9.53E+00,9.77E+00,-0.004,-0.209,-0.97,0.992,5.98E-03,-3.05E-03,1.44E-02,1.59E-02,standing
3.06E-01,2.13E+00,9.47E+00,9.72E+00,-0.001,-0.206,-0.971,0.992,-4.38E-03,-1.54E-02,1.25E-02,2.04E-02,standing
2.95E-01,2.13E+00,9.37E+00,9.61E+00,0.003,-0.204,-0.97,0.992,-1.01E-02,-2.30E-02,5.51E-03,2.57E-02,standing
2.63E-01,2.10E+00,9.32E+00,9.55E+00,0.002,-0.204,-0.97,0.992,-1.58E-02,-2.76E-02,4.97E-03,3.22E-02,standing
2.68E-01,2.09E+00,9.35E+00,9.59E+00,0.001,-0.203,-0.973,0.994,-5.56E-03,-2.56E-02,-1.54E-03,2.62E-02,standing
2.35E-01,2.08E+00,9.43E+00,9.66E+00,-0.001,-0.202,-0.977,0.998,6.30E-03,-1.66E-02,-9.83E-03,2.03E-02,standing
2.24E-01,2.04E+00,9.50E+00,9.72E+00,-0.002,-0.201,-0.986,1.007,1.20E-02,-7.49E-03,-1.39E-02,1.98E-02,standing
2.47E-01,2.03E+00,9.55E+00,9.77E+00,-0.004,-0.195,-0.993,1.012,1.40E-02,2.38E-03,-1.24E-02,1.89E-02,standing
2.45E-01,2.05E+00,9.55E+00,9.77E+00,-0.003,-0.192,-0.992,1.011,1.05E-02,7.82E-03,-9.77E-03,1.64E-02,standing
2.04E-01,2.07E+00,9.53E+00,9.75E+00,0.001,-0.188,-0.989,1.007,7.38E-03,8.56E-03,-2.13E-03,1.15E-02,standing
1.83E-01,2.09E+00,9.52E+00,9.74E+00,0.005,-0.189,-0.985,1.003,6.38E-03,7.33E-03,5.88E-03,1.14E-02,standing
1.91E-01,2.09E+00,9.51E+00,9.73E+00,0.008,-0.194,-0.978,0.997,3.95E-03,5.39E-04,1.08E-02,1.15E-02,standing
1.97E-01,2.09E+00,9.54E+00,9.77E+00,0.005,-0.2,-0.97,0.991,2.24E-03,-2.54E-03,1.23E-02,1.27E-02,standing
2.28E-01,2.09E+00,9.57E+00,9.80E+00,0.001,-0.205,-0.968,0.99,9.21E-04,-5.33E-03,1.63E-02,1.72E-02,standing
2.58E-01,2.09E+00,9.61E+00,9.84E+00,-0.006,-0.206,-0.974,0.995,6.00E-03,-5.58E-03,1.10E-02,1.37E-02,standing
2.32E-01,2.10E+00,9.67E+00,9.90E+00,-0.01,-0.204,-0.98,1.001,7.23E-03,-1.22E-03,3.55E-03,8.15E-03,standing
2.26E-01,2.11E+00,9.70E+00,9.93E+00,-0.011,-0.2,-0.986,1.006,5.76E-03,1.05E-03,3.07E-03,6.61E-03,standing
2.26E-01,2.09E+00,9.67E+00,9.90E+00,-0.011,-0.194,-0.99,1.009,2.72E-03,-2.08E-03,-3.73E-03,5.06E-03,standing
2.02E-01,2.09E+00,9.60E+00,9.83E+00,-0.008,-0.19,-0.982,1,-3.90E-03,2.50E-04,-8.07E-03,8.97E-03,standing
-1.79E-01,7.66E+00,3.71E+00,8.51E+00,0.155,0.083,-1.037,1.052,-3.78E-01,-5.94E-01,3.06E-01,7.68E-01,walking
-6.08E-01,7.82E+00,3.80E+00,8.71E+00,0.158,0.072,-1.032,1.046,-4.17E-01,-8.28E-01,3.02E-02,9.27E-01,walking
-8.01E-01,8.08E+00,4.10E+00,9.09E+00,0.134,0.052,-1.044,1.054,-3.23E-01,-8.62E-01,-1.64E-01,9.35E-01,walking
-8.58E-01,8.34E+00,4.46E+00,9.50E+00,0.093,0.023,-1.062,1.066,-1.15E-01,-7.72E-01,-2.71E-01,8.26E-01,walking
-6.80E-01,8.56E+00,4.75E+00,9.81E+00,0.045,-0.014,-1.063,1.064,1.60E-01,-6.05E-01,-2.75E-01,6.84E-01,walking
-3.11E-01,8.71E+00,4.85E+00,9.97E+00,0.001,-0.051,-1.043,1.044,4.67E-01,-4.00E-01,-1.71E-01,6.38E-01,walking
6.63E-02,8.80E+00,5.02E+00,1.01E+01,-0.033,-0.089,-1.005,1.009,7.60E-01,-2.00E-01,2.40E-02,7.86E-01,walking
5.28E-01,8.88E+00,5.20E+00,1.03E+01,-0.055,-0.123,-0.953,0.963,1.00E+00,-4.60E-02,2.74E-01,1.04E+00,walking
1.03E+00,8.95E+00,5.19E+00,1.04E+01,-0.07,-0.152,-0.896,0.912,1.16E+00,4.46E-02,5.52E-01,1.29E+00,walking
1.36E+00,9.07E+00,5.00E+00,1.04E+01,-0.081,-0.177,-0.843,0.865,1.22E+00,5.45E-02,8.16E-01,1.47E+00,walking
1.65E+00,9.20E+00,4.62E+00,1.04E+01,-0.083,-0.196,-0.797,0.825,1.18E+00,-1.27E-02,1.06E+00,1.59E+00,walking
1.78E+00,9.21E+00,4.11E+00,1.02E+01,-0.072,-0.214,-0.764,0.797,1.07E+00,-9.01E-02,1.26E+00,1.65E+00,walking
1.69E+00,9.10E+00,3.59E+00,9.93E+00,-0.053,-0.227,-0.75,0.785,9.19E-01,-1.38E-01,1.39E+00,1.68E+00,walking
1.39E+00,8.92E+00,3.23E+00,9.59E+00,-0.025,-0.237,-0.754,0.791,7.59E-01,-1.30E-01,1.45E+00,1.64E+00,walking
1.01E+00,8.71E+00,3.13E+00,9.31E+00,0.006,-0.238,-0.776,0.812,6.15E-01,-5.07E-02,1.43E+00,1.56E+00,walking
5.71E-01,8.49E+00,3.28E+00,9.12E+00,0.03,-0.226,-0.807,0.838,4.96E-01,6.75E-02,1.37E+00,1.46E+00,walking
1.44E-01,8.25E+00,3.49E+00,8.96E+00,0.04,-0.201,-0.838,0.863,4.02E-01,1.95E-01,1.29E+00,1.36E+00,walking
-1.33E-01,8.01E+00,3.63E+00,8.80E+00,0.046,-0.177,-0.87,0.889,3.42E-01,3.12E-01,1.22E+00,1.31E+00,walking
-3.47E-01,7.88E+00,3.63E+00,8.68E+00,0.056,-0.158,-0.897,0.913,3.00E-01,4.10E-01,1.16E+00,1.27E+00,walking
-3.51E-01,7.78E+00,3.47E+00,8.53E+00,0.064,-0.144,-0.919,0.932,2.61E-01,4.65E-01,1.11E+00,1.23E+00,walking
-2.44E-01,7.83E+00,3.24E+00,8.48E+00,0.067,-0.139,-0.929,0.942,2.18E-01,4.59E-01,1.04E+00,1.16E+00,walking
-7.74E-02,7.99E+00,3.07E+00,8.56E+00,0.069,-0.14,-0.937,0.95,1.73E-01,3.96E-01,9.81E-01,1.07E+00,walking
1.36E-01,8.18E+00,3.00E+00,8.71E+00,0.062,-0.144,-0.944,0.957,1.30E-01,3.11E-01,9.29E-01,9.88E-01,walking
3.44E-01,8.34E+00,2.92E+00,8.84E+00,0.05,-0.152,-0.946,0.959,1.06E-01,2.15E-01,8.79E-01,9.11E-01,walking
5.44E-01,8.44E+00,2.98E+00,8.97E+00,0.038,-0.163,-0.943,0.957,8.60E-02,9.96E-02,8.25E-01,8.35E-01,walking
6.36E-01,8.62E+00,3.24E+00,9.23E+00,0.03,-0.173,-0.937,0.953,7.34E-02,-2.03E-02,7.52E-01,7.56E-01,walking
7.24E-01,8.71E+00,3.48E+00,9.41E+00,0.026,-0.191,-0.937,0.956,5.48E-02,-1.31E-01,6.58E-01,6.73E-01,walking
8.07E-01,8.82E+00,3.69E+00,9.60E+00,0.023,-0.212,-0.943,0.967,3.76E-02,-2.18E-01,5.51E-01,5.94E-01,walking
6.80E-01,8.90E+00,3.79E+00,9.70E+00,0.017,-0.229,-0.954,0.982,2.32E-02,-2.74E-01,4.37E-01,5.17E-01,walking
4.02E-01,8.85E+00,3.81E+00,9.64E+00,0.011,-0.244,-0.968,0.998,4.21E-03,-3.18E-01,3.25E-01,4.55E-01,walking
8.04E-02,8.73E+00,3.72E+00,9.49E+00,0.007,-0.256,-0.985,1.018,-2.33E-02,-3.39E-01,1.99E-01,3.93E-01,walking
-1.31E-01,8.62E+00,3.48E+00,9.30E+00,0.008,-0.267,-1,1.035,-5.93E-02,-3.30E-01,6.17E-02,3.41E-01,walking
-3.34E-01,8.69E+00,3.30E+00,9.30E+00,0.009,-0.276,-1.018,1.055,-1.01E-01,-3.02E-01,-7.90E-02,3.28E-01,walking
-3.98E-01,8.89E+00,3.28E+00,9.49E+00,0.007,-0.285,-1.034,1.073,-1.45E-01,-2.62E-01,-1.95E-01,3.57E-01,walking
-4.37E-01,9.24E+00,3.33E+00,9.83E+00,0.012,-0.294,-1.048,1.089,-1.85E-01,-1.77E-01,-2.61E-01,3.66E-01,walking
-4.79E-01,9.55E+00,3.29E+00,1.01E+01,0.018,-0.299,-1.066,1.107,-2.19E-01,-7.07E-02,-2.77E-01,3.61E-01,walking
-5.99E-01,9.85E+00,3.22E+00,1.04E+01,0.026,-0.306,-1.087,1.129,-2.51E-01,1.84E-02,-2.51E-01,3.55E-01,walking
-7.24E-01,1.01E+01,3.16E+00,1.06E+01,0.026,-0.304,-1.109,1.15,-2.80E-01,6.50E-02,-2.03E-01,3.52E-01,walking
-7.76E-01,1.02E+01,3.09E+00,1.06E+01,0.023,-0.297,-1.129,1.168,-3.08E-01,7.03E-02,-1.54E-01,3.52E-01,walking
-8.07E-01,1.02E+01,3.03E+00,1.07E+01,0.014,-0.284,-1.153,1.187,-3.23E-01,4.51E-02,-1.19E-01,3.47E-01,walking
-7.30E-01,1.03E+01,2.96E+00,1.07E+01,-0.002,-0.262,-1.176,1.204,-3.27E-01,-1.91E-02,-9.95E-02,3.42E-01,walking
-5.52E-01,4.92E+00,7.41E+00,8.92E+00,0.44,-0.239,-0.455,0.677,-7.13E-02,-2.46E-01,-9.51E-01,9.85E-01,running
-4.19E-02,4.52E+00,7.35E+00,8.63E+00,0.456,-0.275,-0.504,0.734,-2.15E-02,-2.28E-02,-8.99E-01,8.99E-01,running
2.51E-01,3.99E+00,7.41E+00,8.42E+00,0.531,-0.334,-0.495,0.799,1.57E-02,3.17E-01,-8.41E-01,8.98E-01,running
4.06E-01,3.40E+00,7.42E+00,8.17E+00,0.594,-0.287,-0.293,0.722,5.22E-02,6.15E-01,-7.26E-01,9.53E-01,running
5.91E-01,2.79E+00,7.29E+00,7.83E+00,0.616,-0.252,-0.188,0.691,1.84E-01,8.07E-01,-5.77E-01,1.01E+00,running
6.77E-01,2.51E+00,6.95E+00,7.41E+00,0.626,-0.216,-0.127,0.675,3.65E-01,8.49E-01,-4.10E-01,1.01E+00,running
1.13E+00,2.52E+00,6.18E+00,6.77E+00,0.557,-0.163,-0.135,0.596,5.09E-01,7.84E-01,-2.39E-01,9.65E-01,running
1.82E+00,2.89E+00,5.16E+00,6.19E+00,0.449,-0.092,-0.169,0.488,6.63E-01,7.31E-01,-4.77E-02,9.88E-01,running
2.31E+00,3.53E+00,4.18E+00,5.94E+00,0.377,-0.062,-0.305,0.489,8.25E-01,8.56E-01,1.11E-01,1.19E+00,running
2.12E+00,3.28E+00,2.50E+00,4.63E+00,0.394,-0.126,-0.572,0.706,9.70E-01,1.08E+00,2.14E-01,1.47E+00,running
9.43E-01,2.85E+00,1.47E+00,3.35E+00,0.49,-0.43,-0.961,1.161,1.08E+00,1.37E+00,2.55E-01,1.76E+00,running
2.26E-01,2.09E+00,2.89E+00,3.57E+00,0.762,-0.95,-1.26,1.752,1.12E+00,1.65E+00,2.56E-01,2.01E+00,running
3.70E-01,2.12E+00,3.34E+00,3.97E+00,0.89,-1.384,-1.311,2.104,1.04E+00,1.72E+00,4.82E-01,2.07E+00,running
6.61E-01,2.27E+00,3.47E+00,4.20E+00,0.622,-1.42,-1.363,2.065,1.11E+00,1.65E+00,9.78E-01,2.22E+00,running
1.30E+00,2.81E+00,3.47E+00,4.66E+00,-0.031,-1.079,-1.564,1.9,1.31E+00,1.57E+00,1.52E+00,2.55E+00,running
1.76E+00,3.55E+00,2.52E+00,4.70E+00,-0.585,-0.689,-2.412,2.576,1.45E+00,1.42E+00,1.89E+00,2.78E+00,running
1.19E+00,3.94E+00,1.39E+00,4.35E+00,-0.899,-0.282,-3.299,3.431,1.54E+00,1.37E+00,1.96E+00,2.84E+00,running
8.57E-01,3.53E+00,2.84E+00,4.61E+00,-0.846,0.14,-3.739,3.836,1.67E+00,1.54E+00,1.81E+00,2.90E+00,running
2.14E+00,1.85E+00,9.46E+00,9.88E+00,-0.561,0.386,-3.55,3.615,1.82E+00,1.73E+00,1.66E+00,3.01E+00,running
2.19E+00,1.94E+00,9.29E+00,9.74E+00,-0.207,0.38,-3.01,3.041,1.95E+00,1.91E+00,1.71E+00,3.22E+00,running
2.46E+00,2.26E+00,8.65E+00,9.27E+00,0.08,0.262,-2.33,2.346,1.92E+00,1.90E+00,1.92E+00,3.32E+00,running
2.71E+00,2.93E+00,8.23E+00,9.15E+00,0.181,0.108,-1.717,1.73,1.84E+00,1.87E+00,2.16E+00,3.40E+00,running
3.11E+00,3.28E+00,7.79E+00,9.01E+00,0.118,-0.057,-1.228,1.235,1.64E+00,1.87E+00,2.21E+00,3.33E+00,running
3.06E+00,3.35E+00,7.36E+00,8.65E+00,-0.016,-0.183,-0.875,0.894,1.27E+00,1.85E+00,2.06E+00,3.05E+00,running
2.91E+00,2.82E+00,7.00E+00,8.09E+00,-0.114,-0.225,-0.615,0.664,8.33E-01,1.87E+00,1.84E+00,2.75E+00,running
2.83E+00,2.14E+00,7.06E+00,7.90E+00,-0.134,-0.194,-0.453,0.511,4.72E-01,1.80E+00,1.65E+00,2.49E+00,running
2.36E+00,1.94E+00,7.66E+00,8.24E+00,-0.1,-0.123,-0.429,0.457,3.35E-01,1.66E+00,1.49E+00,2.26E+00,running
1.32E+00,2.37E+00,7.17E+00,7.67E+00,-0.066,-0.06,-0.492,0.5,2.40E-01,1.42E+00,1.20E+00,1.88E+00,running
3.35E-01,3.37E+00,6.06E+00,6.94E+00,-0.059,-0.006,-0.566,0.569,3.68E-02,1.07E+00,8.19E-01,1.35E+00,running
4.78E-02,4.47E+00,5.88E+00,7.39E+00,-0.071,0.027,-0.582,0.587,-2.63E-01,7.14E-01,3.84E-01,8.52E-01,running
2.42E-01,5.44E+00,6.41E+00,8.41E+00,-0.081,0.042,-0.539,0.546,-6.09E-01,4.49E-01,-9.56E-03,7.56E-01,running
1.19E-01,6.53E+00,6.59E+00,9.28E+00,-0.101,0.038,-0.462,0.475,3.26E-01,1.10E+00,-8.34E-01,1.42E+00,running
7.44E-02,7.11E+00,6.75E+00,9.80E+00,-0.136,0.023,-0.379,0.403,7.56E-01,9.50E-01,-7.13E-01,1.41E+00,running
5.36E-02,7.12E+00,7.65E+00,1.05E+01,-0.169,0.005,-0.303,0.347,1.13E+00,7.72E-01,-6.79E-01,1.53E+00,running
-2.36E-01,7.05E+00,8.35E+00,1.09E+01,-0.194,-0.017,-0.237,0.307,1.44E+00,8.03E-01,-6.00E-01,1.76E+00,running
-6.07E-01,7.03E+00,8.44E+00,1.10E+01,-0.202,-0.039,-0.184,0.276,1.62E+00,1.13E+00,-3.99E-01,2.02E+00,running
-9.64E-01,7.04E+00,8.64E+00,1.12E+01,-0.196,-0.054,-0.129,0.24,1.62E+00,1.60E+00,-6.83E-02,2.28E+00,running
3.60E-01,2.13E+00,9.55E+00,9.79E+00,0.002,-0.192,-0.989,1.008,5.29E-03,6.36E-04,-2.40E-03,5.84E-03,standing
3.50E-01,2.16E+00,9.58E+00,9.83E+00,0.002,-0.194,-0.99,1.008,7.34E-03,7.75E-04,2.29E-03,7.73E-03,standing
3.22E-01,2.17E+00,9.58E+00,9.82E+00,0.002,-0.195,-0.991,1.01,6.71E-03,-2.18E-03,5.15E-03,8.73E-03,standing
3.32E-01,2.15E+00,9.51E+00,9.75E+00,0.005,-0.194,-0.99,1.009,6.81E-03,1.56E-04,7.10E-03,9.83E-03,standing
3.28E-01,2.12E+00,9.47E+00,9.71E+00,0.004,-0.195,-0.99,1.009,5.12E-03,3.43E-03,4.59E-03,7.68E-03,standing
3.01E-01,2.11E+00,9.48E+00,9.71E+00,0.004,-0.193,-0.986,1.005,6.96E-03,4.85E-03,6.35E-04,8.51E-03,standing
2.83E-01,2.10E+00,9.51E+00,9.74E+00,0.005,-0.194,-0.981,1,1.25E-02,1.36E-02,6.29E-03,1.95E-02,standing
3.13E-01,2.09E+00,9.57E+00,9.80E+00,0.006,-0.194,-0.974,0.993,6.87E-03,1.18E-02,-1.41E-03,1.37E-02,standing
3.06E-01,2.08E+00,9.67E+00,9.89E+00,0.009,-0.193,-0.966,0.985,8.47E-03,8.49E-03,-2.59E-03,1.23E-02,standing
3.19E-01,2.05E+00,9.70E+00,9.92E+00,0.011,-0.195,-0.966,0.985,1.45E-02,4.93E-03,7.93E-03,1.72E-02,standing
2.94E-01,2.04E+00,9.69E+00,9.90E+00,0.012,-0.196,-0.968,0.988,1.95E-02,-1.97E-03,9.56E-03,2.18E-02,standing
2.70E-01,2.05E+00,9.61E+00,9.83E+00,0.01,-0.195,-0.971,0.99,1.47E-02,-1.20E-02,9.97E-03,2.14E-02,standing
2.32E-01,2.04E+00,9.49E+00,9.71E+00,0.012,-0.196,-0.971,0.991,1.12E-02,-7.74E-03,9.78E-03,1.68E-02,standing
2.04E-01,2.10E+00,9.39E+00,9.62E+00,0.009,-0.197,-0.97,0.99,9.83E-04,-1.19E-02,1.09E-02,1.62E-02,standing
1.89E-01,2.17E+00,9.35E+00,9.61E+00,0.01,-0.197,-0.97,0.99,-2.26E-03,-3.56E-03,2.90E-03,5.12E-03,standing
2.43E-01,2.22E+00,9.39E+00,9.65E+00,0.009,-0.198,-0.972,0.991,-4.55E-03,5.01E-03,2.98E-03,7.40E-03,standing
3.74E-01,2.22E+00,9.50E+00,9.76E+00,0.007,-0.198,-0.973,0.993,-5.50E-03,4.75E-03,-6.25E-04,7.29E-03,standing
3.88E-01,2.23E+00,9.63E+00,9.90E+00,0.004,-0.194,-0.973,0.992,4.99E-03,2.35E-03,-1.06E-03,5.61E-03,standing
3.84E-01,2.17E+00,9.73E+00,9.98E+00,0.003,-0.196,-0.974,0.994,7.85E-03,5.43E-05,-4.84E-03,9.23E-03,standing
3.75E-01,2.10E+00,9.78E+00,1.00E+01,0.004,-0.195,-0.975,0.995,9.62E-03,-1.28E-03,-4.60E-04,9.72E-03,standing
3.32E-01,2.05E+00,9.75E+00,9.97E+00,0.006,-0.197,-0.978,0.998,1.32E-02,-2.77E-03,2.17E-03,1.37E-02,standing
2.29E-01,2.02E+00,9.70E+00,9.91E+00,0.006,-0.198,-0.979,0.999,4.89E-03,-1.91E-03,1.89E-03,5.58E-03,standing
1.65E-01,2.01E+00,9.65E+00,9.86E+00,0.008,-0.197,-0.977,0.997,2.26E-03,-4.35E-03,1.85E-03,5.23E-03,standing
1.70E-01,2.03E+00,9.61E+00,9.82E+00,0.007,-0.194,-0.973,0.992,-4.16E-03,9.22E-04,1.32E-03,4.46E-03,standing
2.29E-01,2.05E+00,9.58E+00,9.80E+00,0.005,-0.192,-0.974,0.993,-9.87E-03,3.46E-03,1.54E-04,1.05E-02,standing
2.75E-01,2.10E+00,9.58E+00,9.81E+00,0.002,-0.189,-0.974,0.992,-1.12E-02,7.81E-04,-1.48E-03,1.13E-02,standing
3.25E-01,2.15E+00,9.56E+00,9.80E+00,0.009,-0.187,-0.976,0.994,-1.37E-02,-7.81E-03,-2.50E-03,1.60E-02,standing
3.64E-01,2.15E+00,9.54E+00,9.79E+00,0.009,-0.19,-0.979,0.998,-1.34E-02,-1.38E-02,-3.52E-03,1.96E-02,standing
3.74E-01,2.19E+00,9.55E+00,9.81E+00,0.005,-0.197,-0.981,1.001,-1.07E-02,-1.87E-02,-2.25E-03,2.16E-02,standing
3.62E-01,2.19E+00,9.55E+00,9.81E+00,0.003,-0.206,-0.978,0.999,-6.90E-03,-1.96E-02,-2.20E-03,2.09E-02,standing
3.16E-01,2.20E+00,9.50E+00,9.76E+00,-0.001,-0.214,-0.971,0.994,-4.27E-04,-9.35E-03,-4.29E-03,1.03E-02,standing
2.90E-01,2.19E+00,9.42E+00,9.68E+00,-0.006,-0.215,-0.967,0.991,5.28E-03,4.63E-03,-3.20E-03,7.72E-03,standing
2.54E-01,2.16E+00,9.34E+00,9.59E+00,-0.01,-0.212,-0.969,0.992,7.02E-03,1.89E-02,-6.15E-03,2.11E-02,standing
2.36E-01,2.13E+00,9.29E+00,9.53E+00,-0.01,-0.206,-0.975,0.997,8.73E-03,2.73E-02,5.16E-04,2.87E-02,standing
2.02E-01,2.12E+00,9.36E+00,9.60E+00,-0.004,-0.198,-0.986,1.005,1.38E-02,2.76E-02,2.51E-03,3.09E-02,standing
2.79E-01,2.06E+00,9.40E+00,9.62E+00,0.004,-0.188,-0.997,1.015,1.61E-02,2.07E-02,6.44E-03,2.71E-02,standing
3.14E-01,2.06E+00,9.44E+00,9.67E+00,0.007,-0.185,-1.003,1.02,1.54E-02,1.26E-03,1.10E-02,1.89E-02,standing
2.32E-01,2.12E+00,9.54E+00,9.77E+00,0.008,-0.182,-1.003,1.02,7.59E-03,-1.41E-02,1.04E-02,1.91E-02,standing
2.51E-01,2.12E+00,9.59E+00,9.83E+00,0.007,-0.183,-0.999,1.016,-2.23E-03,-2.58E-02,1.11E-02,2.81E-02,standing
3.01E-01,2.11E+00,9.63E+00,9.87E+00,0.004,-0.189,-0.989,1.007,-1.60E-02,-2.90E-02,5.59E-03,3.36E-02,standing
3.21E-01,2.14E+00,9.64E+00,9.88E+00,-0.002,-0.197,-0.98,1,-2.04E-02,-2.34E-02,-2.19E-03,3.11E-02,standing
-4.35E-01,1.08E+01,9.05E-01,1.08E+01,0.231,-0.097,-0.631,0.679,-8.92E-01,2.66E-01,-8.63E-01,1.27E+00,walking
1.47E-01,1.11E+01,2.45E+00,1.14E+01,0.215,-0.127,-0.626,0.674,-7.13E-01,3.56E-01,-8.34E-01,1.15E+00,walking
8.08E-01,1.12E+01,4.64E+00,1.21E+01,0.188,-0.152,-0.647,0.691,-4.85E-01,3.45E-01,-7.49E-01,9.57E-01,walking
1.33E+00,1.09E+01,6.63E+00,1.28E+01,0.151,-0.168,-0.687,0.724,-2.38E-01,2.73E-01,-6.28E-01,7.25E-01,walking
1.66E+00,1.02E+01,7.77E+00,1.29E+01,0.103,-0.17,-0.745,0.771,1.95E-02,1.75E-01,-4.81E-01,5.12E-01,walking
1.53E+00,9.24E+00,7.70E+00,1.21E+01,0.061,-0.162,-0.813,0.832,2.52E-01,4.81E-02,-3.31E-01,4.19E-01,walking
1.10E+00,8.43E+00,6.56E+00,1.07E+01,0.025,-0.145,-0.877,0.889,4.50E-01,-7.78E-02,-1.78E-01,4.90E-01,walking
7.02E-01,7.94E+00,5.04E+00,9.43E+00,-0.01,-0.122,-0.942,0.949,5.96E-01,-1.90E-01,-3.54E-02,6.27E-01,walking
5.17E-01,7.89E+00,3.95E+00,8.84E+00,-0.033,-0.102,-0.996,1.002,6.81E-01,-2.79E-01,8.89E-02,7.41E-01,walking
4.11E-01,7.95E+00,3.49E+00,8.69E+00,-0.039,-0.081,-1.036,1.039,7.14E-01,-3.08E-01,1.83E-01,7.99E-01,walking
2.33E-01,8.02E+00,3.39E+00,8.71E+00,-0.023,-0.059,-1.054,1.056,7.07E-01,-2.79E-01,2.36E-01,7.96E-01,walking
3.07E-02,7.99E+00,3.34E+00,8.66E+00,0.013,-0.041,-1.048,1.049,6.76E-01,-1.93E-01,2.41E-01,7.43E-01,walking
-1.25E-01,7.84E+00,3.26E+00,8.49E+00,0.058,-0.03,-1.021,1.023,6.16E-01,-8.08E-02,1.95E-01,6.51E-01,walking
-8.16E-02,7.68E+00,3.18E+00,8.31E+00,0.102,-0.029,-0.974,0.98,5.27E-01,5.07E-02,1.08E-01,5.40E-01,walking
1.46E-01,7.66E+00,3.04E+00,8.24E+00,0.127,-0.031,-0.918,0.927,4.24E-01,1.62E-01,-1.69E-03,4.54E-01,walking
5.18E-01,7.77E+00,2.96E+00,8.33E+00,0.131,-0.044,-0.865,0.876,3.09E-01,2.52E-01,-1.04E-01,4.12E-01,walking
9.59E-01,8.07E+00,2.98E+00,8.66E+00,0.13,-0.069,-0.818,0.831,1.99E-01,2.99E-01,-1.85E-01,4.04E-01,walking
1.40E+00,8.45E+00,3.01E+00,9.08E+00,0.114,-0.094,-0.781,0.795,9.79E-02,3.04E-01,-2.37E-01,3.98E-01,walking
1.76E+00,8.86E+00,3.02E+00,9.52E+00,0.083,-0.124,-0.758,0.772,2.21E-02,2.83E-01,-2.67E-01,3.90E-01,walking
2.04E+00,9.19E+00,3.01E+00,9.88E+00,0.048,-0.154,-0.744,0.761,-2.29E-02,2.41E-01,-2.79E-01,3.69E-01,walking
2.10E+00,9.38E+00,2.95E+00,1.01E+01,0.014,-0.183,-0.738,0.76,-3.45E-02,2.01E-01,-2.73E-01,3.41E-01,walking
1.91E+00,9.35E+00,2.81E+00,9.95E+00,-0.011,-0.21,-0.733,0.763,-8.78E-03,1.64E-01,-2.50E-01,2.99E-01,walking
1.58E+00,9.24E+00,2.69E+00,9.75E+00,-0.029,-0.228,-0.726,0.762,4.46E-02,1.29E-01,-2.13E-01,2.53E-01,walking
1.27E+00,9.02E+00,2.72E+00,9.51E+00,-0.037,-0.246,-0.724,0.765,1.08E-01,9.63E-02,-1.71E-01,2.24E-01,walking
9.27E-01,8.83E+00,2.81E+00,9.31E+00,-0.04,-0.262,-0.726,0.773,1.76E-01,7.86E-02,-1.44E-01,2.40E-01,walking
5.74E-01,8.72E+00,2.96E+00,9.23E+00,-0.033,-0.275,-0.734,0.785,2.38E-01,8.75E-02,-1.27E-01,2.84E-01,walking
3.14E-01,8.64E+00,3.08E+00,9.18E+00,-0.019,-0.283,-0.748,0.8,2.90E-01,1.02E-01,-1.16E-01,3.29E-01,walking
1.37E-01,8.58E+00,3.14E+00,9.13E+00,-0.001,-0.29,-0.773,0.825,3.27E-01,1.29E-01,-9.84E-02,3.65E-01,walking
6.83E-02,8.56E+00,3.11E+00,9.11E+00,0.015,-0.291,-0.801,0.852,3.52E-01,1.78E-01,-8.73E-02,4.03E-01,walking
5.84E-02,8.57E+00,3.06E+00,9.09E+00,0.035,-0.279,-0.826,0.873,3.47E-01,2.17E-01,-9.28E-02,4.20E-01,walking
1.05E-01,8.60E+00,3.09E+00,9.14E+00,0.053,-0.262,-0.846,0.887,3.10E-01,2.52E-01,-1.13E-01,4.15E-01,walking
2.70E-01,8.67E+00,3.18E+00,9.23E+00,0.07,-0.247,-0.869,0.906,2.48E-01,2.75E-01,-1.48E-01,3.99E-01,walking
4.94E-01,8.72E+00,3.10E+00,9.27E+00,0.087,-0.237,-0.899,0.934,1.71E-01,2.84E-01,-1.79E-01,3.77E-01,walking
6.10E-01,8.75E+00,2.84E+00,9.22E+00,0.102,-0.235,-0.941,0.975,9.53E-02,2.73E-01,-1.89E-01,3.45E-01,walking
6.89E-01,8.80E+00,2.62E+00,9.21E+00,0.104,-0.235,-1.003,1.036,3.31E-02,2.32E-01,-1.78E-01,2.94E-01,walking
7.38E-01,8.85E+00,2.48E+00,9.22E+00,0.078,-0.23,-1.086,1.113,-1.30E-02,1.80E-01,-1.54E-01,2.37E-01,walking
6.40E-01,8.83E+00,2.43E+00,9.18E+00,0.036,-0.216,-1.165,1.185,-3.56E-02,1.32E-01,-1.23E-01,1.85E-01,walking
3.41E+00,-9.24E-01,1.33E+01,1.38E+01,0.475,1.023,-3.375,3.559,1.50E+00,2.33E+00,5.36E-01,2.82E+00,running
4.40E+00,-4.16E-01,1.67E+01,1.72E+01,0.144,0.624,-2.72,2.794,1.80E+00,2.62E+00,6.58E-01,3.25E+00,running
6.04E+00,1.32E-01,2.25E+01,2.33E+01,-0.176,0.265,-2.182,2.205,2.32E+00,2.79E+00,7.41E-01,3.71E+00,running
6.64E+00,-2.83E-02,2.84E+01,2.92E+01,-0.36,0.01,-1.815,1.851,3.03E+00,2.67E+00,9.57E-01,4.15E+00,running
5.62E+00,-8.68E-01,3.22E+01,3.27E+01,-0.37,-0.155,-1.522,1.574,3.38E+00,1.67E+00,1.47E+00,4.04E+00,running
1.08E+00,9.55E-01,1.17E-01,1.44E+00,-0.252,-0.271,-1.319,1.369,3.16E+00,-2.69E-01,2.29E+00,3.91E+00,running
1.83E+00,9.53E-01,2.19E+00,3.01E+00,-0.125,-0.326,-1.219,1.268,4.91E+00,-6.22E-01,2.70E+00,5.64E+00,running
2.15E+00,8.63E-01,4.13E+00,4.74E+00,-0.052,-0.333,-1.198,1.244,5.30E+00,1.30E+00,3.05E+00,6.25E+00,running
2.26E+00,7.76E-01,6.47E+00,6.90E+00,-0.039,-0.304,-1.211,1.249,5.82E+00,2.89E+00,3.07E+00,7.19E+00,running
2.52E+00,7.04E-01,8.60E+00,8.99E+00,-0.031,-0.272,-1.198,1.229,6.21E+00,3.60E+00,2.99E+00,7.78E+00,running
2.90E+00,1.20E+00,1.04E+01,1.08E+01,0.03,-0.288,-1.112,1.149,5.99E+00,3.20E+00,2.99E+00,7.42E+00,running
3.62E+00,2.29E+00,1.19E+01,1.27E+01,0.14,-0.359,-0.953,1.028,5.32E+00,2.42E+00,2.84E+00,6.50E+00,running
3.45E+00,3.83E+00,1.30E+01,1.40E+01,0.268,-0.435,-0.746,0.904,4.40E+00,1.89E+00,2.54E+00,5.42E+00,running
2.93E+00,5.58E+00,1.37E+01,1.50E+01,0.396,-0.474,-0.554,0.829,3.24E+00,1.71E+00,2.32E+00,4.33E+00,running
3.43E+00,5.85E+00,1.53E+01,1.67E+01,0.528,-0.48,-0.41,0.823,2.14E+00,1.72E+00,2.18E+00,3.50E+00,running
3.44E+00,5.38E+00,1.78E+01,1.89E+01,0.672,-0.467,-0.33,0.882,1.27E+00,1.72E+00,2.16E+00,3.04E+00,running
3.19E+00,4.85E+00,2.09E+01,2.17E+01,0.813,-0.48,-0.312,0.995,7.14E-01,1.56E+00,2.24E+00,2.82E+00,running
2.65E+00,3.60E+00,2.40E+01,2.45E+01,0.916,-0.521,-0.325,1.103,3.56E-01,1.34E+00,2.34E+00,2.72E+00,running
2.13E+00,2.85E+00,2.63E+01,2.66E+01,0.969,-0.559,-0.327,1.165,7.56E-02,1.05E+00,2.42E+00,2.64E+00,running
2.01E+00,2.44E+00,2.78E+01,2.80E+01,0.961,-0.599,-0.307,1.174,-1.24E-01,7.02E-01,2.43E+00,2.53E+00,running
2.34E+00,2.47E+00,2.84E+01,2.86E+01,0.905,-0.644,-0.28,1.146,-2.30E-01,2.72E-01,2.34E+00,2.37E+00,running
2.53E+00,3.02E+00,2.63E+01,2.66E+01,0.806,-0.68,-0.241,1.082,-3.19E-01,-1.13E-01,2.19E+00,2.21E+00,running
2.34E+00,4.17E+00,2.20E+01,2.26E+01,0.684,-0.688,-0.182,0.987,-5.33E-01,-4.68E-01,1.97E+00,2.10E+00,running
1.92E+00,5.79E+00,1.79E+01,1.89E+01,0.573,-0.661,-0.112,0.883,-9.02E-01,-8.37E-01,1.65E+00,2.05E+00,running
1.55E+00,6.48E+00,1.46E+01,1.60E+01,0.468,-0.599,-0.061,0.762,1.99E-01,2.55E-02,-5.60E-01,5.95E-01,running
9.36E-01,6.27E+00,1.13E+01,1.30E+01,0.367,-0.523,-0.06,0.641,2.00E-01,3.16E-02,-7.11E-01,7.39E-01,running
-4.51E-01,5.28E+00,9.33E+00,1.07E+01,0.303,-0.448,-0.112,0.552,2.48E-01,-2.58E-01,-8.76E-01,9.47E-01,running